name,family,metric,direction,queries,mean_difference,ci95_low,ci95_high,randomization_p_raw,noninferiority_margin,noninferiority_p_raw,noninferiority_ci_pass,system_eval,reference_eval,randomization_p_holm,noninferiority_p_holm
meta-llama-3-1-8b-instruct:beir-nfcorpus:wp-de-vs-wp-t,beir:beir-nfcorpus:ndcg_cut_10,ndcg_cut_10,higher,308,-0.014355844155844158,-0.023577922077922083,-0.006485389610389615,9.999000099990002e-05,0.01,0.8242175782421758,False,results/emnlp/main/phase_b2_beir/meta-llama-3-1-8b-instruct/beir-nfcorpus/maxcontext_dualend/pool100/maxcontext_dualend.eval,results/emnlp/main/phase_b2_beir/meta-llama-3-1-8b-instruct/beir-nfcorpus/maxcontext_topdown/pool100/maxcontext_topdown.eval,0.0026997300269973002,1.0
meta-llama-3-1-8b-instruct:beir-nfcorpus:wp-t-vs-bm25,beir:beir-nfcorpus:ndcg_cut_10,ndcg_cut_10,higher,308,0.009223051948051949,0.0012152597402597409,0.017399675324675328,0.026197380261973803,0.01,9.999000099990002e-05,True,results/emnlp/main/phase_b2_beir/meta-llama-3-1-8b-instruct/beir-nfcorpus/maxcontext_topdown/pool100/maxcontext_topdown.eval,docs/data/beir/bm25_eval/beir-nfcorpus.eval,0.23577642235776422,0.0026997300269973002
meta-llama-3-1-8b-instruct:beir-nfcorpus:wp-de-vs-bm25,beir:beir-nfcorpus:ndcg_cut_10,ndcg_cut_10,higher,308,-0.0051327922077922085,-0.014975649350649356,0.00352987012987013,0.30126987301269875,0.01,0.1621837816218378,False,results/emnlp/main/phase_b2_beir/meta-llama-3-1-8b-instruct/beir-nfcorpus/maxcontext_dualend/pool100/maxcontext_dualend.eval,docs/data/beir/bm25_eval/beir-nfcorpus.eval,1.0,1.0
meta-llama-3-1-8b-instruct:beir-touche2020:wp-de-vs-wp-t,beir:beir-touche2020:ndcg_cut_10,ndcg_cut_10,higher,49,-0.15695102040816328,-0.2079102040816326,-0.10875102040816327,9.999000099990002e-05,0.01,1.0,False,results/emnlp/main/phase_b2_beir/meta-llama-3-1-8b-instruct/beir-touche2020/maxcontext_dualend/pool100/maxcontext_dualend.eval,results/emnlp/main/phase_b2_beir/meta-llama-3-1-8b-instruct/beir-touche2020/maxcontext_topdown/pool100/maxcontext_topdown.eval,0.0026997300269973002,1.0
meta-llama-3-1-8b-instruct:beir-touche2020:wp-t-vs-bm25,beir:beir-touche2020:ndcg_cut_10,ndcg_cut_10,higher,49,-0.007442857142857139,-0.031820408163265305,0.01776938775510204,0.5709429057094291,0.01,0.42845715428457154,False,results/emnlp/main/phase_b2_beir/meta-llama-3-1-8b-instruct/beir-touche2020/maxcontext_topdown/pool100/maxcontext_topdown.eval,docs/data/beir/bm25_eval/beir-touche2020.eval,1.0,1.0
meta-llama-3-1-8b-instruct:beir-touche2020:wp-de-vs-bm25,beir:beir-touche2020:ndcg_cut_10,ndcg_cut_10,higher,49,-0.16439387755102047,-0.2126551020408163,-0.11858571428571434,9.999000099990002e-05,0.01,1.0,False,results/emnlp/main/phase_b2_beir/meta-llama-3-1-8b-instruct/beir-touche2020/maxcontext_dualend/pool100/maxcontext_dualend.eval,docs/data/beir/bm25_eval/beir-touche2020.eval,0.0026997300269973002,1.0
meta-llama-3-1-8b-instruct:beir-fiqa:wp-de-vs-wp-t,beir:beir-fiqa:ndcg_cut_10,ndcg_cut_10,higher,648,-0.03234089506172839,-0.04469444444444446,-0.02054290123456789,9.999000099990002e-05,0.01,1.0,False,results/emnlp/main/phase_b2_beir/meta-llama-3-1-8b-instruct/beir-fiqa/maxcontext_dualend/pool100/maxcontext_dualend.eval,results/emnlp/main/phase_b2_beir/meta-llama-3-1-8b-instruct/beir-fiqa/maxcontext_topdown/pool100/maxcontext_topdown.eval,0.0026997300269973002,1.0
meta-llama-3-1-8b-instruct:beir-fiqa:wp-t-vs-bm25,beir:beir-fiqa:ndcg_cut_10,ndcg_cut_10,higher,648,0.04902839506172841,0.033093518518518536,0.06458117283950615,9.999000099990002e-05,0.01,9.999000099990002e-05,True,results/emnlp/main/phase_b2_beir/meta-llama-3-1-8b-instruct/beir-fiqa/maxcontext_topdown/pool100/maxcontext_topdown.eval,docs/data/beir/bm25_eval/beir-fiqa.eval,0.0026997300269973002,0.0026997300269973002
meta-llama-3-1-8b-instruct:beir-fiqa:wp-de-vs-bm25,beir:beir-fiqa:ndcg_cut_10,ndcg_cut_10,higher,648,0.016687499999999997,0.004806944444444443,0.028559104938271598,0.006099390060993901,0.01,9.999000099990002e-05,True,results/emnlp/main/phase_b2_beir/meta-llama-3-1-8b-instruct/beir-fiqa/maxcontext_dualend/pool100/maxcontext_dualend.eval,docs/data/beir/bm25_eval/beir-fiqa.eval,0.024397560243975602,0.0026997300269973002
meta-llama-3-1-8b-instruct:beir-dbpedia:wp-de-vs-wp-t,beir:beir-dbpedia:ndcg_cut_10,ndcg_cut_10,higher,400,0.0036625000000000004,-0.005964000000000005,0.014069000000000019,0.47985201479852013,0.01,0.0031996800319968005,True,results/emnlp/main/phase_b2_beir/meta-llama-3-1-8b-instruct/beir-dbpedia/maxcontext_dualend/pool100/maxcontext_dualend.eval,results/emnlp/main/phase_b2_beir/meta-llama-3-1-8b-instruct/beir-dbpedia/maxcontext_topdown/pool100/maxcontext_topdown.eval,1.0,0.025597440255974404
meta-llama-3-1-8b-instruct:beir-dbpedia:wp-t-vs-bm25,beir:beir-dbpedia:ndcg_cut_10,ndcg_cut_10,higher,400,0.06521575000000002,0.04691175,0.08340549999999994,9.999000099990002e-05,0.01,9.999000099990002e-05,True,results/emnlp/main/phase_b2_beir/meta-llama-3-1-8b-instruct/beir-dbpedia/maxcontext_topdown/pool100/maxcontext_topdown.eval,docs/data/beir/bm25_eval/beir-dbpedia.eval,0.0026997300269973002,0.0026997300269973002
meta-llama-3-1-8b-instruct:beir-dbpedia:wp-de-vs-bm25,beir:beir-dbpedia:ndcg_cut_10,ndcg_cut_10,higher,400,0.06887825000000006,0.05282049999999998,0.08514800000000003,9.999000099990002e-05,0.01,9.999000099990002e-05,True,results/emnlp/main/phase_b2_beir/meta-llama-3-1-8b-instruct/beir-dbpedia/maxcontext_dualend/pool100/maxcontext_dualend.eval,docs/data/beir/bm25_eval/beir-dbpedia.eval,0.0026997300269973002,0.0026997300269973002
meta-llama-3-1-8b-instruct:beir-trec-covid:wp-de-vs-wp-t,beir:beir-trec-covid:ndcg_cut_10,ndcg_cut_10,higher,50,-0.02748200000000001,-0.051850000000000014,-0.002308000000000003,0.0332966703329667,0.01,0.9165083491650835,False,results/emnlp/main/phase_b2_beir/meta-llama-3-1-8b-instruct/beir-trec-covid/maxcontext_dualend/pool100/maxcontext_dualend.eval,results/emnlp/main/phase_b2_beir/meta-llama-3-1-8b-instruct/beir-trec-covid/maxcontext_topdown/pool100/maxcontext_topdown.eval,0.2663733626637336,1.0
meta-llama-3-1-8b-instruct:beir-trec-covid:wp-t-vs-bm25,beir:beir-trec-covid:ndcg_cut_10,ndcg_cut_10,higher,50,0.07318000000000001,0.03981,0.10925000000000001,9.999000099990002e-05,0.01,9.999000099990002e-05,True,results/emnlp/main/phase_b2_beir/meta-llama-3-1-8b-instruct/beir-trec-covid/maxcontext_topdown/pool100/maxcontext_topdown.eval,docs/data/beir/bm25_eval/beir-trec-covid.eval,0.0026997300269973002,0.0026997300269973002
meta-llama-3-1-8b-instruct:beir-trec-covid:wp-de-vs-bm25,beir:beir-trec-covid:ndcg_cut_10,ndcg_cut_10,higher,50,0.04569800000000001,0.018515999999999998,0.076818,0.001999800019998,0.01,9.999000099990002e-05,True,results/emnlp/main/phase_b2_beir/meta-llama-3-1-8b-instruct/beir-trec-covid/maxcontext_dualend/pool100/maxcontext_dualend.eval,docs/data/beir/bm25_eval/beir-trec-covid.eval,0.021997800219978002,0.0026997300269973002
meta-llama-3-1-8b-instruct:beir-scifact:wp-de-vs-wp-t,beir:beir-scifact:ndcg_cut_10,ndcg_cut_10,higher,300,-0.045337999999999996,-0.06903966666666665,-0.02401433333333333,0.00019998000199980003,0.01,0.9995000499950005,False,results/emnlp/main/phase_b2_beir/meta-llama-3-1-8b-instruct/beir-scifact/maxcontext_dualend/pool100/maxcontext_dualend.eval,results/emnlp/main/phase_b2_beir/meta-llama-3-1-8b-instruct/beir-scifact/maxcontext_topdown/pool100/maxcontext_topdown.eval,0.0027997200279972004,1.0
meta-llama-3-1-8b-instruct:beir-scifact:wp-t-vs-bm25,beir:beir-scifact:ndcg_cut_10,ndcg_cut_10,higher,300,0.027572666666666676,0.002851333333333336,0.05368133333333333,0.034096590340965904,0.01,0.0029997000299970002,True,results/emnlp/main/phase_b2_beir/meta-llama-3-1-8b-instruct/beir-scifact/maxcontext_topdown/pool100/maxcontext_topdown.eval,docs/data/beir/bm25_eval/beir-scifact.eval,0.34096590340965904,0.044995500449955005
meta-llama-3-1-8b-instruct:beir-scifact:wp-de-vs-bm25,beir:beir-scifact:ndcg_cut_10,ndcg_cut_10,higher,300,-0.01776533333333333,-0.040700333333333324,0.003978000000000001,0.1222877712228777,0.01,0.7524247575242475,False,results/emnlp/main/phase_b2_beir/meta-llama-3-1-8b-instruct/beir-scifact/maxcontext_dualend/pool100/maxcontext_dualend.eval,docs/data/beir/bm25_eval/beir-scifact.eval,0.7337266273372662,1.0
ministral-3-14b-instruct-2512:beir-nfcorpus:wp-de-vs-wp-t,beir:beir-nfcorpus:ndcg_cut_10,ndcg_cut_10,higher,308,-0.0009659090909090903,-0.00858474025974026,0.006712987012987016,0.8028197180281972,0.01,0.011998800119988001,True,results/emnlp/main/phase_b2_beir/ministral-3-14b-instruct-2512/beir-nfcorpus/maxcontext_dualend/pool100/maxcontext_dualend.eval,results/emnlp/main/phase_b2_beir/ministral-3-14b-instruct-2512/beir-nfcorpus/maxcontext_topdown/pool100/maxcontext_topdown.eval,1.0,0.11998800119988001
ministral-3-14b-instruct-2512:beir-nfcorpus:wp-t-vs-bm25,beir:beir-nfcorpus:ndcg_cut_10,ndcg_cut_10,higher,308,0.05129383116883118,0.03829285714285714,0.06492629870129868,9.999000099990002e-05,0.01,9.999000099990002e-05,True,results/emnlp/main/phase_b2_beir/ministral-3-14b-instruct-2512/beir-nfcorpus/maxcontext_topdown/pool100/maxcontext_topdown.eval,docs/data/beir/bm25_eval/beir-nfcorpus.eval,0.0026997300269973002,0.0026997300269973002
ministral-3-14b-instruct-2512:beir-nfcorpus:wp-de-vs-bm25,beir:beir-nfcorpus:ndcg_cut_10,ndcg_cut_10,higher,308,0.050327922077922096,0.036394805194805195,0.06449642857142855,9.999000099990002e-05,0.01,9.999000099990002e-05,True,results/emnlp/main/phase_b2_beir/ministral-3-14b-instruct-2512/beir-nfcorpus/maxcontext_dualend/pool100/maxcontext_dualend.eval,docs/data/beir/bm25_eval/beir-nfcorpus.eval,0.0026997300269973002,0.0026997300269973002
ministral-3-14b-instruct-2512:beir-touche2020:wp-de-vs-wp-t,beir:beir-touche2020:ndcg_cut_10,ndcg_cut_10,higher,49,-0.020573469387755096,-0.04672448979591835,0.0035591836734693866,0.1207879212078792,0.01,0.7867213278672133,False,results/emnlp/main/phase_b2_beir/ministral-3-14b-instruct-2512/beir-touche2020/maxcontext_dualend/pool100/maxcontext_dualend.eval,results/emnlp/main/phase_b2_beir/ministral-3-14b-instruct-2512/beir-touche2020/maxcontext_topdown/pool100/maxcontext_topdown.eval,1.0,1.0
ministral-3-14b-instruct-2512:beir-touche2020:wp-t-vs-bm25,beir:beir-touche2020:ndcg_cut_10,ndcg_cut_10,higher,49,-0.02703061224489796,-0.07732448979591838,0.022412244897959184,0.29457054294570545,0.01,0.7469253074692531,False,results/emnlp/main/phase_b2_beir/ministral-3-14b-instruct-2512/beir-touche2020/maxcontext_topdown/pool100/maxcontext_topdown.eval,docs/data/beir/bm25_eval/beir-touche2020.eval,1.0,1.0
ministral-3-14b-instruct-2512:beir-touche2020:wp-de-vs-bm25,beir:beir-touche2020:ndcg_cut_10,ndcg_cut_10,higher,49,-0.047604081632653054,-0.09873877551020409,0.0052959183673469325,0.0724927507249275,0.01,0.9212078792120788,False,results/emnlp/main/phase_b2_beir/ministral-3-14b-instruct-2512/beir-touche2020/maxcontext_dualend/pool100/maxcontext_dualend.eval,docs/data/beir/bm25_eval/beir-touche2020.eval,0.9424057594240576,1.0
ministral-3-14b-instruct-2512:beir-fiqa:wp-de-vs-wp-t,beir:beir-fiqa:ndcg_cut_10,ndcg_cut_10,higher,648,-0.01603132716049384,-0.025305246913580246,-0.006638425925925926,0.0006999300069993001,0.01,0.8969103089691031,False,results/emnlp/main/phase_b2_beir/ministral-3-14b-instruct-2512/beir-fiqa/maxcontext_dualend/pool100/maxcontext_dualend.eval,results/emnlp/main/phase_b2_beir/ministral-3-14b-instruct-2512/beir-fiqa/maxcontext_topdown/pool100/maxcontext_topdown.eval,0.006299370062993701,1.0
ministral-3-14b-instruct-2512:beir-fiqa:wp-t-vs-bm25,beir:beir-fiqa:ndcg_cut_10,ndcg_cut_10,higher,648,0.17663703703703704,0.15447391975308647,0.19911512345679008,9.999000099990002e-05,0.01,9.999000099990002e-05,True,results/emnlp/main/phase_b2_beir/ministral-3-14b-instruct-2512/beir-fiqa/maxcontext_topdown/pool100/maxcontext_topdown.eval,docs/data/beir/bm25_eval/beir-fiqa.eval,0.0026997300269973002,0.0026997300269973002
ministral-3-14b-instruct-2512:beir-fiqa:wp-de-vs-bm25,beir:beir-fiqa:ndcg_cut_10,ndcg_cut_10,higher,648,0.16060570987654324,0.13908858024691353,0.18196728395061737,9.999000099990002e-05,0.01,9.999000099990002e-05,True,results/emnlp/main/phase_b2_beir/ministral-3-14b-instruct-2512/beir-fiqa/maxcontext_dualend/pool100/maxcontext_dualend.eval,docs/data/beir/bm25_eval/beir-fiqa.eval,0.0026997300269973002,0.0026997300269973002
ministral-3-14b-instruct-2512:beir-dbpedia:wp-de-vs-wp-t,beir:beir-dbpedia:ndcg_cut_10,ndcg_cut_10,higher,400,-0.0035875000000000017,-0.011647999999999997,0.004267499999999999,0.38416158384161586,0.01,0.055894410558944105,False,results/emnlp/main/phase_b2_beir/ministral-3-14b-instruct-2512/beir-dbpedia/maxcontext_dualend/pool100/maxcontext_dualend.eval,results/emnlp/main/phase_b2_beir/ministral-3-14b-instruct-2512/beir-dbpedia/maxcontext_topdown/pool100/maxcontext_topdown.eval,1.0,0.22357764223577642
ministral-3-14b-instruct-2512:beir-dbpedia:wp-t-vs-bm25,beir:beir-dbpedia:ndcg_cut_10,ndcg_cut_10,higher,400,0.12102699999999995,0.10067874999999984,0.14179125000000004,9.999000099990002e-05,0.01,9.999000099990002e-05,True,results/emnlp/main/phase_b2_beir/ministral-3-14b-instruct-2512/beir-dbpedia/maxcontext_topdown/pool100/maxcontext_topdown.eval,docs/data/beir/bm25_eval/beir-dbpedia.eval,0.0026997300269973002,0.0026997300269973002
ministral-3-14b-instruct-2512:beir-dbpedia:wp-de-vs-bm25,beir:beir-dbpedia:ndcg_cut_10,ndcg_cut_10,higher,400,0.11743949999999995,0.0969215,0.13787924999999998,9.999000099990002e-05,0.01,9.999000099990002e-05,True,results/emnlp/main/phase_b2_beir/ministral-3-14b-instruct-2512/beir-dbpedia/maxcontext_dualend/pool100/maxcontext_dualend.eval,docs/data/beir/bm25_eval/beir-dbpedia.eval,0.0026997300269973002,0.0026997300269973002
ministral-3-14b-instruct-2512:beir-trec-covid:wp-de-vs-wp-t,beir:beir-trec-covid:ndcg_cut_10,ndcg_cut_10,higher,50,-0.008327999999999995,-0.031738,0.016346000000000006,0.5101489851014899,0.01,0.44645535446455353,False,results/emnlp/main/phase_b2_beir/ministral-3-14b-instruct-2512/beir-trec-covid/maxcontext_dualend/pool100/maxcontext_dualend.eval,results/emnlp/main/phase_b2_beir/ministral-3-14b-instruct-2512/beir-trec-covid/maxcontext_topdown/pool100/maxcontext_topdown.eval,1.0,1.0
ministral-3-14b-instruct-2512:beir-trec-covid:wp-t-vs-bm25,beir:beir-trec-covid:ndcg_cut_10,ndcg_cut_10,higher,50,0.22115999999999997,0.17019399999999998,0.27322599999999997,9.999000099990002e-05,0.01,9.999000099990002e-05,True,results/emnlp/main/phase_b2_beir/ministral-3-14b-instruct-2512/beir-trec-covid/maxcontext_topdown/pool100/maxcontext_topdown.eval,docs/data/beir/bm25_eval/beir-trec-covid.eval,0.0026997300269973002,0.0026997300269973002
ministral-3-14b-instruct-2512:beir-trec-covid:wp-de-vs-bm25,beir:beir-trec-covid:ndcg_cut_10,ndcg_cut_10,higher,50,0.21283199999999997,0.154626,0.27075800000000005,9.999000099990002e-05,0.01,9.999000099990002e-05,True,results/emnlp/main/phase_b2_beir/ministral-3-14b-instruct-2512/beir-trec-covid/maxcontext_dualend/pool100/maxcontext_dualend.eval,docs/data/beir/bm25_eval/beir-trec-covid.eval,0.0026997300269973002,0.0026997300269973002
ministral-3-14b-instruct-2512:beir-scifact:wp-de-vs-wp-t,beir:beir-scifact:ndcg_cut_10,ndcg_cut_10,higher,300,-0.01685933333333333,-0.033301000000000004,-0.0015746666666666635,0.0395960403959604,0.01,0.8000199980002,False,results/emnlp/main/phase_b2_beir/ministral-3-14b-instruct-2512/beir-scifact/maxcontext_dualend/pool100/maxcontext_dualend.eval,results/emnlp/main/phase_b2_beir/ministral-3-14b-instruct-2512/beir-scifact/maxcontext_topdown/pool100/maxcontext_topdown.eval,0.35636436356364365,1.0
ministral-3-14b-instruct-2512:beir-scifact:wp-t-vs-bm25,beir:beir-scifact:ndcg_cut_10,ndcg_cut_10,higher,300,0.09836766666666669,0.06828133333333335,0.12965800000000005,9.999000099990002e-05,0.01,9.999000099990002e-05,True,results/emnlp/main/phase_b2_beir/ministral-3-14b-instruct-2512/beir-scifact/maxcontext_topdown/pool100/maxcontext_topdown.eval,docs/data/beir/bm25_eval/beir-scifact.eval,0.0026997300269973002,0.0026997300269973002
ministral-3-14b-instruct-2512:beir-scifact:wp-de-vs-bm25,beir:beir-scifact:ndcg_cut_10,ndcg_cut_10,higher,300,0.08150833333333335,0.049872000000000034,0.11281000000000001,9.999000099990002e-05,0.01,9.999000099990002e-05,True,results/emnlp/main/phase_b2_beir/ministral-3-14b-instruct-2512/beir-scifact/maxcontext_dualend/pool100/maxcontext_dualend.eval,docs/data/beir/bm25_eval/beir-scifact.eval,0.0026997300269973002,0.0026997300269973002
ministral-3-3b-instruct-2512:beir-nfcorpus:wp-de-vs-wp-t,beir:beir-nfcorpus:ndcg_cut_10,ndcg_cut_10,higher,308,0.002280519480519481,-0.007962337662337657,0.012664285714285718,0.6686331366863314,0.01,0.008799120087991202,True,results/emnlp/main/phase_b2_beir/ministral-3-3b-instruct-2512/beir-nfcorpus/maxcontext_dualend/pool100/maxcontext_dualend.eval,results/emnlp/main/phase_b2_beir/ministral-3-3b-instruct-2512/beir-nfcorpus/maxcontext_topdown/pool100/maxcontext_topdown.eval,1.0,0.09679032096790322
ministral-3-3b-instruct-2512:beir-nfcorpus:wp-t-vs-bm25,beir:beir-nfcorpus:ndcg_cut_10,ndcg_cut_10,higher,308,0.027431818181818186,0.01195974025974026,0.043907142857142874,0.0006999300069993001,0.01,9.999000099990002e-05,True,results/emnlp/main/phase_b2_beir/ministral-3-3b-instruct-2512/beir-nfcorpus/maxcontext_topdown/pool100/maxcontext_topdown.eval,docs/data/beir/bm25_eval/beir-nfcorpus.eval,0.006999300069993001,0.0026997300269973002
ministral-3-3b-instruct-2512:beir-nfcorpus:wp-de-vs-bm25,beir:beir-nfcorpus:ndcg_cut_10,ndcg_cut_10,higher,308,0.029712337662337666,0.015421428571428574,0.04432142857142858,9.999000099990002e-05,0.01,9.999000099990002e-05,True,results/emnlp/main/phase_b2_beir/ministral-3-3b-instruct-2512/beir-nfcorpus/maxcontext_dualend/pool100/maxcontext_dualend.eval,docs/data/beir/bm25_eval/beir-nfcorpus.eval,0.0026997300269973002,0.0026997300269973002
ministral-3-3b-instruct-2512:beir-touche2020:wp-de-vs-wp-t,beir:beir-touche2020:ndcg_cut_10,ndcg_cut_10,higher,49,0.09489795918367346,0.05564081632653062,0.1351265306122449,9.999000099990002e-05,0.01,9.999000099990002e-05,True,results/emnlp/main/phase_b2_beir/ministral-3-3b-instruct-2512/beir-touche2020/maxcontext_dualend/pool100/maxcontext_dualend.eval,results/emnlp/main/phase_b2_beir/ministral-3-3b-instruct-2512/beir-touche2020/maxcontext_topdown/pool100/maxcontext_topdown.eval,0.0026997300269973002,0.0026997300269973002
ministral-3-3b-instruct-2512:beir-touche2020:wp-t-vs-bm25,beir:beir-touche2020:ndcg_cut_10,ndcg_cut_10,higher,49,-0.17093469387755103,-0.23081632653061215,-0.11214489795918367,9.999000099990002e-05,0.01,1.0,False,results/emnlp/main/phase_b2_beir/ministral-3-3b-instruct-2512/beir-touche2020/maxcontext_topdown/pool100/maxcontext_topdown.eval,docs/data/beir/bm25_eval/beir-touche2020.eval,0.0026997300269973002,1.0
ministral-3-3b-instruct-2512:beir-touche2020:wp-de-vs-bm25,beir:beir-touche2020:ndcg_cut_10,ndcg_cut_10,higher,49,-0.07603673469387758,-0.11767346938775515,-0.034089795918367374,0.000999900009999,0.01,0.9988001199880012,False,results/emnlp/main/phase_b2_beir/ministral-3-3b-instruct-2512/beir-touche2020/maxcontext_dualend/pool100/maxcontext_dualend.eval,docs/data/beir/bm25_eval/beir-touche2020.eval,0.018998100189981,1.0
ministral-3-3b-instruct-2512:beir-fiqa:wp-de-vs-wp-t,beir:beir-fiqa:ndcg_cut_10,ndcg_cut_10,higher,648,-0.015248919753086428,-0.02652700617283951,-0.004017746913580246,0.007799220077992201,0.01,0.819018098190181,False,results/emnlp/main/phase_b2_beir/ministral-3-3b-instruct-2512/beir-fiqa/maxcontext_dualend/pool100/maxcontext_dualend.eval,results/emnlp/main/phase_b2_beir/ministral-3-3b-instruct-2512/beir-fiqa/maxcontext_topdown/pool100/maxcontext_topdown.eval,0.024397560243975602,1.0
ministral-3-3b-instruct-2512:beir-fiqa:wp-t-vs-bm25,beir:beir-fiqa:ndcg_cut_10,ndcg_cut_10,higher,648,0.11132962962962965,0.09035385802469137,0.13291697530864188,9.999000099990002e-05,0.01,9.999000099990002e-05,True,results/emnlp/main/phase_b2_beir/ministral-3-3b-instruct-2512/beir-fiqa/maxcontext_topdown/pool100/maxcontext_topdown.eval,docs/data/beir/bm25_eval/beir-fiqa.eval,0.0026997300269973002,0.0026997300269973002
ministral-3-3b-instruct-2512:beir-fiqa:wp-de-vs-bm25,beir:beir-fiqa:ndcg_cut_10,ndcg_cut_10,higher,648,0.09608070987654331,0.07641404320987645,0.11567330246913592,9.999000099990002e-05,0.01,9.999000099990002e-05,True,results/emnlp/main/phase_b2_beir/ministral-3-3b-instruct-2512/beir-fiqa/maxcontext_dualend/pool100/maxcontext_dualend.eval,docs/data/beir/bm25_eval/beir-fiqa.eval,0.0026997300269973002,0.0026997300269973002
ministral-3-3b-instruct-2512:beir-dbpedia:wp-de-vs-wp-t,beir:beir-dbpedia:ndcg_cut_10,ndcg_cut_10,higher,400,0.009488000000000002,-0.0009275000000000013,0.019741000000000012,0.07269273072692731,0.01,0.00019998000199980003,True,results/emnlp/main/phase_b2_beir/ministral-3-3b-instruct-2512/beir-dbpedia/maxcontext_dualend/pool100/maxcontext_dualend.eval,results/emnlp/main/phase_b2_beir/ministral-3-3b-instruct-2512/beir-dbpedia/maxcontext_topdown/pool100/maxcontext_topdown.eval,0.47035296470352966,0.0026997300269973002
ministral-3-3b-instruct-2512:beir-dbpedia:wp-t-vs-bm25,beir:beir-dbpedia:ndcg_cut_10,ndcg_cut_10,higher,400,0.06354625000000003,0.042067499999999994,0.08443950000000004,9.999000099990002e-05,0.01,9.999000099990002e-05,True,results/emnlp/main/phase_b2_beir/ministral-3-3b-instruct-2512/beir-dbpedia/maxcontext_topdown/pool100/maxcontext_topdown.eval,docs/data/beir/bm25_eval/beir-dbpedia.eval,0.0026997300269973002,0.0026997300269973002
ministral-3-3b-instruct-2512:beir-dbpedia:wp-de-vs-bm25,beir:beir-dbpedia:ndcg_cut_10,ndcg_cut_10,higher,400,0.07303424999999997,0.05197300000000002,0.09421999999999998,9.999000099990002e-05,0.01,9.999000099990002e-05,True,results/emnlp/main/phase_b2_beir/ministral-3-3b-instruct-2512/beir-dbpedia/maxcontext_dualend/pool100/maxcontext_dualend.eval,docs/data/beir/bm25_eval/beir-dbpedia.eval,0.0026997300269973002,0.0026997300269973002
ministral-3-3b-instruct-2512:beir-trec-covid:wp-de-vs-wp-t,beir:beir-trec-covid:ndcg_cut_10,ndcg_cut_10,higher,50,-0.011379999999999996,-0.03993600000000001,0.016370000000000006,0.44945505449455053,0.01,0.5381461853814619,False,results/emnlp/main/phase_b2_beir/ministral-3-3b-instruct-2512/beir-trec-covid/maxcontext_dualend/pool100/maxcontext_dualend.eval,results/emnlp/main/phase_b2_beir/ministral-3-3b-instruct-2512/beir-trec-covid/maxcontext_topdown/pool100/maxcontext_topdown.eval,1.0,1.0
ministral-3-3b-instruct-2512:beir-trec-covid:wp-t-vs-bm25,beir:beir-trec-covid:ndcg_cut_10,ndcg_cut_10,higher,50,0.18113599999999994,0.13140799999999997,0.232322,9.999000099990002e-05,0.01,9.999000099990002e-05,True,results/emnlp/main/phase_b2_beir/ministral-3-3b-instruct-2512/beir-trec-covid/maxcontext_topdown/pool100/maxcontext_topdown.eval,docs/data/beir/bm25_eval/beir-trec-covid.eval,0.0026997300269973002,0.0026997300269973002
ministral-3-3b-instruct-2512:beir-trec-covid:wp-de-vs-bm25,beir:beir-trec-covid:ndcg_cut_10,ndcg_cut_10,higher,50,0.16975599999999996,0.12697000000000003,0.21435600000000002,9.999000099990002e-05,0.01,9.999000099990002e-05,True,results/emnlp/main/phase_b2_beir/ministral-3-3b-instruct-2512/beir-trec-covid/maxcontext_dualend/pool100/maxcontext_dualend.eval,docs/data/beir/bm25_eval/beir-trec-covid.eval,0.0026997300269973002,0.0026997300269973002
ministral-3-3b-instruct-2512:beir-scifact:wp-de-vs-wp-t,beir:beir-scifact:ndcg_cut_10,ndcg_cut_10,higher,300,0.036328,0.014707333333333334,0.058078999999999964,0.0012998700129987,0.01,9.999000099990002e-05,True,results/emnlp/main/phase_b2_beir/ministral-3-3b-instruct-2512/beir-scifact/maxcontext_dualend/pool100/maxcontext_dualend.eval,results/emnlp/main/phase_b2_beir/ministral-3-3b-instruct-2512/beir-scifact/maxcontext_topdown/pool100/maxcontext_topdown.eval,0.0155984401559844,0.0026997300269973002
ministral-3-3b-instruct-2512:beir-scifact:wp-t-vs-bm25,beir:beir-scifact:ndcg_cut_10,ndcg_cut_10,higher,300,0.03410400000000001,0.002050333333333331,0.06742933333333333,0.0458954104589541,0.01,0.004299570042995701,True,results/emnlp/main/phase_b2_beir/ministral-3-3b-instruct-2512/beir-scifact/maxcontext_topdown/pool100/maxcontext_topdown.eval,docs/data/beir/bm25_eval/beir-scifact.eval,0.3671632836716328,0.06019398060193981
ministral-3-3b-instruct-2512:beir-scifact:wp-de-vs-bm25,beir:beir-scifact:ndcg_cut_10,ndcg_cut_10,higher,300,0.07043200000000005,0.038463666666666674,0.10357133333333335,0.00019998000199980003,0.01,9.999000099990002e-05,True,results/emnlp/main/phase_b2_beir/ministral-3-3b-instruct-2512/beir-scifact/maxcontext_dualend/pool100/maxcontext_dualend.eval,docs/data/beir/bm25_eval/beir-scifact.eval,0.0027997200279972004,0.0026997300269973002
ministral-3-8b-instruct-2512:beir-nfcorpus:wp-de-vs-wp-t,beir:beir-nfcorpus:ndcg_cut_10,ndcg_cut_10,higher,308,0.0002431818181818196,-0.007002272727272727,0.007540909090909094,0.9498050194980502,0.01,0.0040995900409959,True,results/emnlp/main/phase_b2_beir/ministral-3-8b-instruct-2512/beir-nfcorpus/maxcontext_dualend/pool100/maxcontext_dualend.eval,results/emnlp/main/phase_b2_beir/ministral-3-8b-instruct-2512/beir-nfcorpus/maxcontext_topdown/pool100/maxcontext_topdown.eval,1.0,0.0491950804919508
ministral-3-8b-instruct-2512:beir-nfcorpus:wp-t-vs-bm25,beir:beir-nfcorpus:ndcg_cut_10,ndcg_cut_10,higher,308,0.04225714285714288,0.028155844155844146,0.05695324675324678,9.999000099990002e-05,0.01,9.999000099990002e-05,True,results/emnlp/main/phase_b2_beir/ministral-3-8b-instruct-2512/beir-nfcorpus/maxcontext_topdown/pool100/maxcontext_topdown.eval,docs/data/beir/bm25_eval/beir-nfcorpus.eval,0.0026997300269973002,0.0026997300269973002
ministral-3-8b-instruct-2512:beir-nfcorpus:wp-de-vs-bm25,beir:beir-nfcorpus:ndcg_cut_10,ndcg_cut_10,higher,308,0.04250032467532469,0.028521753246753254,0.05665194805194805,9.999000099990002e-05,0.01,9.999000099990002e-05,True,results/emnlp/main/phase_b2_beir/ministral-3-8b-instruct-2512/beir-nfcorpus/maxcontext_dualend/pool100/maxcontext_dualend.eval,docs/data/beir/bm25_eval/beir-nfcorpus.eval,0.0026997300269973002,0.0026997300269973002
ministral-3-8b-instruct-2512:beir-touche2020:wp-de-vs-wp-t,beir:beir-touche2020:ndcg_cut_10,ndcg_cut_10,higher,49,0.014844897959183676,-0.013218367346938778,0.043491836734693874,0.3170682931706829,0.01,0.0466953304669533,False,results/emnlp/main/phase_b2_beir/ministral-3-8b-instruct-2512/beir-touche2020/maxcontext_dualend/pool100/maxcontext_dualend.eval,results/emnlp/main/phase_b2_beir/ministral-3-8b-instruct-2512/beir-touche2020/maxcontext_topdown/pool100/maxcontext_topdown.eval,1.0,1.0
ministral-3-8b-instruct-2512:beir-touche2020:wp-t-vs-bm25,beir:beir-touche2020:ndcg_cut_10,ndcg_cut_10,higher,49,-0.07593469387755103,-0.12903061224489798,-0.022767346938775516,0.008099190080991902,0.01,0.9889011098890111,False,results/emnlp/main/phase_b2_beir/ministral-3-8b-instruct-2512/beir-touche2020/maxcontext_topdown/pool100/maxcontext_topdown.eval,docs/data/beir/bm25_eval/beir-touche2020.eval,0.14578542145785423,1.0
ministral-3-8b-instruct-2512:beir-touche2020:wp-de-vs-bm25,beir:beir-touche2020:ndcg_cut_10,ndcg_cut_10,higher,49,-0.06108979591836737,-0.10901020408163262,-0.014495918367346938,0.014098590140985901,0.01,0.9818018198180182,False,results/emnlp/main/phase_b2_beir/ministral-3-8b-instruct-2512/beir-touche2020/maxcontext_dualend/pool100/maxcontext_dualend.eval,docs/data/beir/bm25_eval/beir-touche2020.eval,0.23967603239676033,1.0
ministral-3-8b-instruct-2512:beir-fiqa:wp-de-vs-wp-t,beir:beir-fiqa:ndcg_cut_10,ndcg_cut_10,higher,648,-3.842592592592349e-05,-0.010460030864197533,0.010086882716049387,0.9941005899410059,0.01,0.024697530246975304,False,results/emnlp/main/phase_b2_beir/ministral-3-8b-instruct-2512/beir-fiqa/maxcontext_dualend/pool100/maxcontext_dualend.eval,results/emnlp/main/phase_b2_beir/ministral-3-8b-instruct-2512/beir-fiqa/maxcontext_topdown/pool100/maxcontext_topdown.eval,0.9941005899410059,0.29637036296370367
ministral-3-8b-instruct-2512:beir-fiqa:wp-t-vs-bm25,beir:beir-fiqa:ndcg_cut_10,ndcg_cut_10,higher,648,0.13276496913580246,0.11112993827160494,0.15498919753086432,9.999000099990002e-05,0.01,9.999000099990002e-05,True,results/emnlp/main/phase_b2_beir/ministral-3-8b-instruct-2512/beir-fiqa/maxcontext_topdown/pool100/maxcontext_topdown.eval,docs/data/beir/bm25_eval/beir-fiqa.eval,0.0026997300269973002,0.0026997300269973002
ministral-3-8b-instruct-2512:beir-fiqa:wp-de-vs-bm25,beir:beir-fiqa:ndcg_cut_10,ndcg_cut_10,higher,648,0.13272654320987656,0.11135385802469139,0.15399012345679003,9.999000099990002e-05,0.01,9.999000099990002e-05,True,results/emnlp/main/phase_b2_beir/ministral-3-8b-instruct-2512/beir-fiqa/maxcontext_dualend/pool100/maxcontext_dualend.eval,docs/data/beir/bm25_eval/beir-fiqa.eval,0.0026997300269973002,0.0026997300269973002
ministral-3-8b-instruct-2512:beir-dbpedia:wp-de-vs-wp-t,beir:beir-dbpedia:ndcg_cut_10,ndcg_cut_10,higher,400,-0.0015735000000000005,-0.010110999999999997,0.006776499999999995,0.7211278872112789,0.01,0.026797320267973202,False,results/emnlp/main/phase_b2_beir/ministral-3-8b-instruct-2512/beir-dbpedia/maxcontext_dualend/pool100/maxcontext_dualend.eval,results/emnlp/main/phase_b2_beir/ministral-3-8b-instruct-2512/beir-dbpedia/maxcontext_topdown/pool100/maxcontext_topdown.eval,1.0,0.133986601339866
ministral-3-8b-instruct-2512:beir-dbpedia:wp-t-vs-bm25,beir:beir-dbpedia:ndcg_cut_10,ndcg_cut_10,higher,400,0.09705850000000002,0.076334,0.11804824999999998,9.999000099990002e-05,0.01,9.999000099990002e-05,True,results/emnlp/main/phase_b2_beir/ministral-3-8b-instruct-2512/beir-dbpedia/maxcontext_topdown/pool100/maxcontext_topdown.eval,docs/data/beir/bm25_eval/beir-dbpedia.eval,0.0026997300269973002,0.0026997300269973002
ministral-3-8b-instruct-2512:beir-dbpedia:wp-de-vs-bm25,beir:beir-dbpedia:ndcg_cut_10,ndcg_cut_10,higher,400,0.0954849999999999,0.07421324999999994,0.11655974999999992,9.999000099990002e-05,0.01,9.999000099990002e-05,True,results/emnlp/main/phase_b2_beir/ministral-3-8b-instruct-2512/beir-dbpedia/maxcontext_dualend/pool100/maxcontext_dualend.eval,docs/data/beir/bm25_eval/beir-dbpedia.eval,0.0026997300269973002,0.0026997300269973002
ministral-3-8b-instruct-2512:beir-trec-covid:wp-de-vs-wp-t,beir:beir-trec-covid:ndcg_cut_10,ndcg_cut_10,higher,50,0.003768000000000009,-0.019051999999999996,0.029040000000000017,0.7676232376762324,0.01,0.13838616138386162,False,results/emnlp/main/phase_b2_beir/ministral-3-8b-instruct-2512/beir-trec-covid/maxcontext_dualend/pool100/maxcontext_dualend.eval,results/emnlp/main/phase_b2_beir/ministral-3-8b-instruct-2512/beir-trec-covid/maxcontext_topdown/pool100/maxcontext_topdown.eval,1.0,1.0
ministral-3-8b-instruct-2512:beir-trec-covid:wp-t-vs-bm25,beir:beir-trec-covid:ndcg_cut_10,ndcg_cut_10,higher,50,0.20256,0.15291800000000003,0.252264,9.999000099990002e-05,0.01,9.999000099990002e-05,True,results/emnlp/main/phase_b2_beir/ministral-3-8b-instruct-2512/beir-trec-covid/maxcontext_topdown/pool100/maxcontext_topdown.eval,docs/data/beir/bm25_eval/beir-trec-covid.eval,0.0026997300269973002,0.0026997300269973002
ministral-3-8b-instruct-2512:beir-trec-covid:wp-de-vs-bm25,beir:beir-trec-covid:ndcg_cut_10,ndcg_cut_10,higher,50,0.20632800000000004,0.15321800000000002,0.25946600000000003,9.999000099990002e-05,0.01,9.999000099990002e-05,True,results/emnlp/main/phase_b2_beir/ministral-3-8b-instruct-2512/beir-trec-covid/maxcontext_dualend/pool100/maxcontext_dualend.eval,docs/data/beir/bm25_eval/beir-trec-covid.eval,0.0026997300269973002,0.0026997300269973002
ministral-3-8b-instruct-2512:beir-scifact:wp-de-vs-wp-t,beir:beir-scifact:ndcg_cut_10,ndcg_cut_10,higher,300,-0.00031433333333333205,-0.022418666666666674,0.021777666666666674,0.9769023097690231,0.01,0.19288071192880712,False,results/emnlp/main/phase_b2_beir/ministral-3-8b-instruct-2512/beir-scifact/maxcontext_dualend/pool100/maxcontext_dualend.eval,results/emnlp/main/phase_b2_beir/ministral-3-8b-instruct-2512/beir-scifact/maxcontext_topdown/pool100/maxcontext_topdown.eval,1.0,1.0
ministral-3-8b-instruct-2512:beir-scifact:wp-t-vs-bm25,beir:beir-scifact:ndcg_cut_10,ndcg_cut_10,higher,300,0.07987266666666672,0.045815,0.11603433333333338,9.999000099990002e-05,0.01,9.999000099990002e-05,True,results/emnlp/main/phase_b2_beir/ministral-3-8b-instruct-2512/beir-scifact/maxcontext_topdown/pool100/maxcontext_topdown.eval,docs/data/beir/bm25_eval/beir-scifact.eval,0.0026997300269973002,0.0026997300269973002
ministral-3-8b-instruct-2512:beir-scifact:wp-de-vs-bm25,beir:beir-scifact:ndcg_cut_10,ndcg_cut_10,higher,300,0.07955833333333331,0.04770566666666666,0.11147633333333332,9.999000099990002e-05,0.01,9.999000099990002e-05,True,results/emnlp/main/phase_b2_beir/ministral-3-8b-instruct-2512/beir-scifact/maxcontext_dualend/pool100/maxcontext_dualend.eval,docs/data/beir/bm25_eval/beir-scifact.eval,0.0026997300269973002,0.0026997300269973002
qwen3-5-0-8b:beir-nfcorpus:wp-de-vs-wp-t,beir:beir-nfcorpus:ndcg_cut_10,ndcg_cut_10,higher,308,-0.09924870129870128,-0.11997337662337658,-0.07888863636363636,9.999000099990002e-05,0.01,1.0,False,results/emnlp/main/phase_b2_beir/qwen3-5-0-8b/beir-nfcorpus/maxcontext_dualend/pool100/maxcontext_dualend.eval,results/emnlp/main/phase_b2_beir/qwen3-5-0-8b/beir-nfcorpus/maxcontext_topdown/pool100/maxcontext_topdown.eval,0.0026997300269973002,1.0
qwen3-5-0-8b:beir-nfcorpus:wp-t-vs-bm25,beir:beir-nfcorpus:ndcg_cut_10,ndcg_cut_10,higher,308,-0.02575746753246753,-0.038952922077922086,-0.014376298701298704,9.999000099990002e-05,0.01,0.9952004799520048,False,results/emnlp/main/phase_b2_beir/qwen3-5-0-8b/beir-nfcorpus/maxcontext_topdown/pool100/maxcontext_topdown.eval,docs/data/beir/bm25_eval/beir-nfcorpus.eval,0.0026997300269973002,1.0
qwen3-5-0-8b:beir-nfcorpus:wp-de-vs-bm25,beir:beir-nfcorpus:ndcg_cut_10,ndcg_cut_10,higher,308,-0.12500616883116888,-0.14806428571428573,-0.10300681818181816,9.999000099990002e-05,0.01,1.0,False,results/emnlp/main/phase_b2_beir/qwen3-5-0-8b/beir-nfcorpus/maxcontext_dualend/pool100/maxcontext_dualend.eval,docs/data/beir/bm25_eval/beir-nfcorpus.eval,0.0026997300269973002,1.0
qwen3-5-0-8b:beir-touche2020:wp-de-vs-wp-t,beir:beir-touche2020:ndcg_cut_10,ndcg_cut_10,higher,49,-0.14825102040816326,-0.19308775510204076,-0.10585102040816323,9.999000099990002e-05,0.01,1.0,False,results/emnlp/main/phase_b2_beir/qwen3-5-0-8b/beir-touche2020/maxcontext_dualend/pool100/maxcontext_dualend.eval,results/emnlp/main/phase_b2_beir/qwen3-5-0-8b/beir-touche2020/maxcontext_topdown/pool100/maxcontext_topdown.eval,0.0026997300269973002,1.0
qwen3-5-0-8b:beir-touche2020:wp-t-vs-bm25,beir:beir-touche2020:ndcg_cut_10,ndcg_cut_10,higher,49,-0.02473877551020408,-0.05169591836734693,-0.0034734693877551018,0.0326967303269673,0.01,0.8752124787521248,False,results/emnlp/main/phase_b2_beir/qwen3-5-0-8b/beir-touche2020/maxcontext_topdown/pool100/maxcontext_topdown.eval,docs/data/beir/bm25_eval/beir-touche2020.eval,0.5231476852314768,1.0
qwen3-5-0-8b:beir-touche2020:wp-de-vs-bm25,beir:beir-touche2020:ndcg_cut_10,ndcg_cut_10,higher,49,-0.17298979591836733,-0.21914897959183674,-0.12782448979591837,9.999000099990002e-05,0.01,1.0,False,results/emnlp/main/phase_b2_beir/qwen3-5-0-8b/beir-touche2020/maxcontext_dualend/pool100/maxcontext_dualend.eval,docs/data/beir/bm25_eval/beir-touche2020.eval,0.0026997300269973002,1.0
qwen3-5-0-8b:beir-fiqa:wp-de-vs-wp-t,beir:beir-fiqa:ndcg_cut_10,ndcg_cut_10,higher,648,-0.16272623456790136,-0.18634614197530874,-0.13962608024691367,9.999000099990002e-05,0.01,1.0,False,results/emnlp/main/phase_b2_beir/qwen3-5-0-8b/beir-fiqa/maxcontext_dualend/pool100/maxcontext_dualend.eval,results/emnlp/main/phase_b2_beir/qwen3-5-0-8b/beir-fiqa/maxcontext_topdown/pool100/maxcontext_topdown.eval,0.0026997300269973002,1.0
qwen3-5-0-8b:beir-fiqa:wp-t-vs-bm25,beir:beir-fiqa:ndcg_cut_10,ndcg_cut_10,higher,648,-0.019479938271604953,-0.03069382716049383,-0.008853703703703702,0.00039996000399960006,0.01,0.9558044195580442,False,results/emnlp/main/phase_b2_beir/qwen3-5-0-8b/beir-fiqa/maxcontext_topdown/pool100/maxcontext_topdown.eval,docs/data/beir/bm25_eval/beir-fiqa.eval,0.003999600039996,1.0
qwen3-5-0-8b:beir-fiqa:wp-de-vs-bm25,beir:beir-fiqa:ndcg_cut_10,ndcg_cut_10,higher,648,-0.18220617283950627,-0.20697330246913595,-0.1567591049382717,9.999000099990002e-05,0.01,1.0,False,results/emnlp/main/phase_b2_beir/qwen3-5-0-8b/beir-fiqa/maxcontext_dualend/pool100/maxcontext_dualend.eval,docs/data/beir/bm25_eval/beir-fiqa.eval,0.0026997300269973002,1.0
qwen3-5-0-8b:beir-dbpedia:wp-de-vs-wp-t,beir:beir-dbpedia:ndcg_cut_10,ndcg_cut_10,higher,400,-0.12813975000000002,-0.14699824999999997,-0.10982199999999999,9.999000099990002e-05,0.01,1.0,False,results/emnlp/main/phase_b2_beir/qwen3-5-0-8b/beir-dbpedia/maxcontext_dualend/pool100/maxcontext_dualend.eval,results/emnlp/main/phase_b2_beir/qwen3-5-0-8b/beir-dbpedia/maxcontext_topdown/pool100/maxcontext_topdown.eval,0.0026997300269973002,1.0
qwen3-5-0-8b:beir-dbpedia:wp-t-vs-bm25,beir:beir-dbpedia:ndcg_cut_10,ndcg_cut_10,higher,400,0.004235250000000006,-0.009194999999999997,0.017081500000000013,0.5336466353364664,0.01,0.0156984301569843,True,results/emnlp/main/phase_b2_beir/qwen3-5-0-8b/beir-dbpedia/maxcontext_topdown/pool100/maxcontext_topdown.eval,docs/data/beir/bm25_eval/beir-dbpedia.eval,1.0,0.0941905809419058
qwen3-5-0-8b:beir-dbpedia:wp-de-vs-bm25,beir:beir-dbpedia:ndcg_cut_10,ndcg_cut_10,higher,400,-0.12390449999999995,-0.14389324999999997,-0.10507675000000002,9.999000099990002e-05,0.01,1.0,False,results/emnlp/main/phase_b2_beir/qwen3-5-0-8b/beir-dbpedia/maxcontext_dualend/pool100/maxcontext_dualend.eval,docs/data/beir/bm25_eval/beir-dbpedia.eval,0.0026997300269973002,1.0
qwen3-5-0-8b:beir-trec-covid:wp-de-vs-wp-t,beir:beir-trec-covid:ndcg_cut_10,ndcg_cut_10,higher,50,-0.11803799999999999,-0.16458999999999993,-0.06997199999999999,9.999000099990002e-05,0.01,1.0,False,results/emnlp/main/phase_b2_beir/qwen3-5-0-8b/beir-trec-covid/maxcontext_dualend/pool100/maxcontext_dualend.eval,results/emnlp/main/phase_b2_beir/qwen3-5-0-8b/beir-trec-covid/maxcontext_topdown/pool100/maxcontext_topdown.eval,0.0026997300269973002,1.0
qwen3-5-0-8b:beir-trec-covid:wp-t-vs-bm25,beir:beir-trec-covid:ndcg_cut_10,ndcg_cut_10,higher,50,0.0006560000000000004,-0.015418000000000005,0.017952000000000003,0.936006399360064,0.01,0.11748825117488251,False,results/emnlp/main/phase_b2_beir/qwen3-5-0-8b/beir-trec-covid/maxcontext_topdown/pool100/maxcontext_topdown.eval,docs/data/beir/bm25_eval/beir-trec-covid.eval,1.0,1.0
qwen3-5-0-8b:beir-trec-covid:wp-de-vs-bm25,beir:beir-trec-covid:ndcg_cut_10,ndcg_cut_10,higher,50,-0.11738199999999999,-0.16267800000000004,-0.06771399999999998,9.999000099990002e-05,0.01,1.0,False,results/emnlp/main/phase_b2_beir/qwen3-5-0-8b/beir-trec-covid/maxcontext_dualend/pool100/maxcontext_dualend.eval,docs/data/beir/bm25_eval/beir-trec-covid.eval,0.0026997300269973002,1.0
qwen3-5-0-8b:beir-scifact:wp-de-vs-wp-t,beir:beir-scifact:ndcg_cut_10,ndcg_cut_10,higher,300,-0.5205673333333333,-0.5724276666666664,-0.4686753333333334,9.999000099990002e-05,0.01,1.0,False,results/emnlp/main/phase_b2_beir/qwen3-5-0-8b/beir-scifact/maxcontext_dualend/pool100/maxcontext_dualend.eval,results/emnlp/main/phase_b2_beir/qwen3-5-0-8b/beir-scifact/maxcontext_topdown/pool100/maxcontext_topdown.eval,0.0026997300269973002,1.0
qwen3-5-0-8b:beir-scifact:wp-t-vs-bm25,beir:beir-scifact:ndcg_cut_10,ndcg_cut_10,higher,300,-0.11465166666666667,-0.1485276666666667,-0.08254366666666667,9.999000099990002e-05,0.01,1.0,False,results/emnlp/main/phase_b2_beir/qwen3-5-0-8b/beir-scifact/maxcontext_topdown/pool100/maxcontext_topdown.eval,docs/data/beir/bm25_eval/beir-scifact.eval,0.0026997300269973002,1.0
qwen3-5-0-8b:beir-scifact:wp-de-vs-bm25,beir:beir-scifact:ndcg_cut_10,ndcg_cut_10,higher,300,-0.6352189999999998,-0.6846453333333332,-0.5853016666666667,9.999000099990002e-05,0.01,1.0,False,results/emnlp/main/phase_b2_beir/qwen3-5-0-8b/beir-scifact/maxcontext_dualend/pool100/maxcontext_dualend.eval,docs/data/beir/bm25_eval/beir-scifact.eval,0.0026997300269973002,1.0
qwen3-5-27b:beir-nfcorpus:wp-de-vs-wp-t,beir:beir-nfcorpus:ndcg_cut_10,ndcg_cut_10,higher,308,-0.0018399350649350638,-0.006742857142857142,0.003038961038961039,0.46535346465353467,0.01,0.0004999500049995,True,results/emnlp/main/phase_b2_beir/qwen3-5-27b/beir-nfcorpus/maxcontext_dualend/pool100/maxcontext_dualend.eval,results/emnlp/main/phase_b2_beir/qwen3-5-27b/beir-nfcorpus/maxcontext_topdown/pool100/maxcontext_topdown.eval,1.0,0.0064993500649935
qwen3-5-27b:beir-nfcorpus:wp-t-vs-bm25,beir:beir-nfcorpus:ndcg_cut_10,ndcg_cut_10,higher,308,0.0646155844155844,0.050097402597402634,0.07984448051948051,9.999000099990002e-05,0.01,9.999000099990002e-05,True,results/emnlp/main/phase_b2_beir/qwen3-5-27b/beir-nfcorpus/maxcontext_topdown/pool100/maxcontext_topdown.eval,docs/data/beir/bm25_eval/beir-nfcorpus.eval,0.0026997300269973002,0.0026997300269973002
qwen3-5-27b:beir-nfcorpus:wp-de-vs-bm25,beir:beir-nfcorpus:ndcg_cut_10,ndcg_cut_10,higher,308,0.06277564935064936,0.047931168831168824,0.07845779220779214,9.999000099990002e-05,0.01,9.999000099990002e-05,True,results/emnlp/main/phase_b2_beir/qwen3-5-27b/beir-nfcorpus/maxcontext_dualend/pool100/maxcontext_dualend.eval,docs/data/beir/bm25_eval/beir-nfcorpus.eval,0.0026997300269973002,0.0026997300269973002
qwen3-5-27b:beir-touche2020:wp-de-vs-wp-t,beir:beir-touche2020:ndcg_cut_10,ndcg_cut_10,higher,49,-0.012953061224489795,-0.043802040816326535,0.01600204081632653,0.41105889411058893,0.01,0.5652434756524347,False,results/emnlp/main/phase_b2_beir/qwen3-5-27b/beir-touche2020/maxcontext_dualend/pool100/maxcontext_dualend.eval,results/emnlp/main/phase_b2_beir/qwen3-5-27b/beir-touche2020/maxcontext_topdown/pool100/maxcontext_topdown.eval,1.0,1.0
qwen3-5-27b:beir-touche2020:wp-t-vs-bm25,beir:beir-touche2020:ndcg_cut_10,ndcg_cut_10,higher,49,-0.020944897959183667,-0.06506734693877551,0.024510204081632663,0.3725627437256274,0.01,0.68003199680032,False,results/emnlp/main/phase_b2_beir/qwen3-5-27b/beir-touche2020/maxcontext_topdown/pool100/maxcontext_topdown.eval,docs/data/beir/bm25_eval/beir-touche2020.eval,1.0,1.0
qwen3-5-27b:beir-touche2020:wp-de-vs-bm25,beir:beir-touche2020:ndcg_cut_10,ndcg_cut_10,higher,49,-0.03389795918367347,-0.08263877551020406,0.01558163265306123,0.20177982201779823,0.01,0.817918208179182,False,results/emnlp/main/phase_b2_beir/qwen3-5-27b/beir-touche2020/maxcontext_dualend/pool100/maxcontext_dualend.eval,docs/data/beir/bm25_eval/beir-touche2020.eval,1.0,1.0
qwen3-5-27b:beir-fiqa:wp-de-vs-wp-t,beir:beir-fiqa:ndcg_cut_10,ndcg_cut_10,higher,648,-0.009058179012345683,-0.014359876543209879,-0.003882716049382714,0.0007999200079992001,0.01,0.36096390360963904,False,results/emnlp/main/phase_b2_beir/qwen3-5-27b/beir-fiqa/maxcontext_dualend/pool100/maxcontext_dualend.eval,results/emnlp/main/phase_b2_beir/qwen3-5-27b/beir-fiqa/maxcontext_topdown/pool100/maxcontext_topdown.eval,0.006399360063993601,1.0
qwen3-5-27b:beir-fiqa:wp-t-vs-bm25,beir:beir-fiqa:ndcg_cut_10,ndcg_cut_10,higher,648,0.2169804012345681,0.1956888888888888,0.23889984567901235,9.999000099990002e-05,0.01,9.999000099990002e-05,True,results/emnlp/main/phase_b2_beir/qwen3-5-27b/beir-fiqa/maxcontext_topdown/pool100/maxcontext_topdown.eval,docs/data/beir/bm25_eval/beir-fiqa.eval,0.0026997300269973002,0.0026997300269973002
qwen3-5-27b:beir-fiqa:wp-de-vs-bm25,beir:beir-fiqa:ndcg_cut_10,ndcg_cut_10,higher,648,0.20792222222222248,0.1866859567901236,0.2293138888888891,9.999000099990002e-05,0.01,9.999000099990002e-05,True,results/emnlp/main/phase_b2_beir/qwen3-5-27b/beir-fiqa/maxcontext_dualend/pool100/maxcontext_dualend.eval,docs/data/beir/bm25_eval/beir-fiqa.eval,0.0026997300269973002,0.0026997300269973002
qwen3-5-27b:beir-dbpedia:wp-de-vs-wp-t,beir:beir-dbpedia:ndcg_cut_10,ndcg_cut_10,higher,400,0.005038999999999998,-0.00022574999999999963,0.010372499999999996,0.06029397060293971,0.01,9.999000099990002e-05,True,results/emnlp/main/phase_b2_beir/qwen3-5-27b/beir-dbpedia/maxcontext_dualend/pool100/maxcontext_dualend.eval,results/emnlp/main/phase_b2_beir/qwen3-5-27b/beir-dbpedia/maxcontext_topdown/pool100/maxcontext_topdown.eval,0.47035296470352966,0.0026997300269973002
qwen3-5-27b:beir-dbpedia:wp-t-vs-bm25,beir:beir-dbpedia:ndcg_cut_10,ndcg_cut_10,higher,400,0.13424749999999988,0.11471374999999993,0.15433949999999988,9.999000099990002e-05,0.01,9.999000099990002e-05,True,results/emnlp/main/phase_b2_beir/qwen3-5-27b/beir-dbpedia/maxcontext_topdown/pool100/maxcontext_topdown.eval,docs/data/beir/bm25_eval/beir-dbpedia.eval,0.0026997300269973002,0.0026997300269973002
qwen3-5-27b:beir-dbpedia:wp-de-vs-bm25,beir:beir-dbpedia:ndcg_cut_10,ndcg_cut_10,higher,400,0.13928649999999995,0.11925950000000007,0.15966974999999986,9.999000099990002e-05,0.01,9.999000099990002e-05,True,results/emnlp/main/phase_b2_beir/qwen3-5-27b/beir-dbpedia/maxcontext_dualend/pool100/maxcontext_dualend.eval,docs/data/beir/bm25_eval/beir-dbpedia.eval,0.0026997300269973002,0.0026997300269973002
qwen3-5-27b:beir-trec-covid:wp-de-vs-wp-t,beir:beir-trec-covid:ndcg_cut_10,ndcg_cut_10,higher,50,0.00011799999999999033,-0.01136200000000001,0.011311999999999989,0.9855014498550145,0.01,0.04409559044095591,False,results/emnlp/main/phase_b2_beir/qwen3-5-27b/beir-trec-covid/maxcontext_dualend/pool100/maxcontext_dualend.eval,results/emnlp/main/phase_b2_beir/qwen3-5-27b/beir-trec-covid/maxcontext_topdown/pool100/maxcontext_topdown.eval,1.0,0.5291470852914709
qwen3-5-27b:beir-trec-covid:wp-t-vs-bm25,beir:beir-trec-covid:ndcg_cut_10,ndcg_cut_10,higher,50,0.25860199999999994,0.20366,0.31376599999999993,9.999000099990002e-05,0.01,9.999000099990002e-05,True,results/emnlp/main/phase_b2_beir/qwen3-5-27b/beir-trec-covid/maxcontext_topdown/pool100/maxcontext_topdown.eval,docs/data/beir/bm25_eval/beir-trec-covid.eval,0.0026997300269973002,0.0026997300269973002
qwen3-5-27b:beir-trec-covid:wp-de-vs-bm25,beir:beir-trec-covid:ndcg_cut_10,ndcg_cut_10,higher,50,0.2587199999999999,0.20048799999999997,0.31655599999999995,9.999000099990002e-05,0.01,9.999000099990002e-05,True,results/emnlp/main/phase_b2_beir/qwen3-5-27b/beir-trec-covid/maxcontext_dualend/pool100/maxcontext_dualend.eval,docs/data/beir/bm25_eval/beir-trec-covid.eval,0.0026997300269973002,0.0026997300269973002
qwen3-5-27b:beir-scifact:wp-de-vs-wp-t,beir:beir-scifact:ndcg_cut_10,ndcg_cut_10,higher,300,0.001364666666666666,-0.009186666666666664,0.011335,0.8007199280071993,0.01,0.012198780121987801,True,results/emnlp/main/phase_b2_beir/qwen3-5-27b/beir-scifact/maxcontext_dualend/pool100/maxcontext_dualend.eval,results/emnlp/main/phase_b2_beir/qwen3-5-27b/beir-scifact/maxcontext_topdown/pool100/maxcontext_topdown.eval,1.0,0.1463853614638536
qwen3-5-27b:beir-scifact:wp-t-vs-bm25,beir:beir-scifact:ndcg_cut_10,ndcg_cut_10,higher,300,0.12936933333333328,0.10035733333333338,0.15945266666666677,9.999000099990002e-05,0.01,9.999000099990002e-05,True,results/emnlp/main/phase_b2_beir/qwen3-5-27b/beir-scifact/maxcontext_topdown/pool100/maxcontext_topdown.eval,docs/data/beir/bm25_eval/beir-scifact.eval,0.0026997300269973002,0.0026997300269973002
qwen3-5-27b:beir-scifact:wp-de-vs-bm25,beir:beir-scifact:ndcg_cut_10,ndcg_cut_10,higher,300,0.13073400000000002,0.102368,0.1609486666666668,9.999000099990002e-05,0.01,9.999000099990002e-05,True,results/emnlp/main/phase_b2_beir/qwen3-5-27b/beir-scifact/maxcontext_dualend/pool100/maxcontext_dualend.eval,docs/data/beir/bm25_eval/beir-scifact.eval,0.0026997300269973002,0.0026997300269973002
qwen3-5-2b:beir-nfcorpus:wp-de-vs-wp-t,beir:beir-nfcorpus:ndcg_cut_10,ndcg_cut_10,higher,308,-0.022703896103896094,-0.033662662337662325,-0.012759090909090916,9.999000099990002e-05,0.01,0.9942005799420058,False,results/emnlp/main/phase_b2_beir/qwen3-5-2b/beir-nfcorpus/maxcontext_dualend/pool100/maxcontext_dualend.eval,results/emnlp/main/phase_b2_beir/qwen3-5-2b/beir-nfcorpus/maxcontext_topdown/pool100/maxcontext_topdown.eval,0.0026997300269973002,1.0
qwen3-5-2b:beir-nfcorpus:wp-t-vs-bm25,beir:beir-nfcorpus:ndcg_cut_10,ndcg_cut_10,higher,308,-0.0013749999999999988,-0.005673376623376621,0.0026779220779220786,0.5367463253674633,0.01,0.00019998000199980003,True,results/emnlp/main/phase_b2_beir/qwen3-5-2b/beir-nfcorpus/maxcontext_topdown/pool100/maxcontext_topdown.eval,docs/data/beir/bm25_eval/beir-nfcorpus.eval,1.0,0.0027997200279972004
qwen3-5-2b:beir-nfcorpus:wp-de-vs-bm25,beir:beir-nfcorpus:ndcg_cut_10,ndcg_cut_10,higher,308,-0.024078896103896096,-0.035677597402597384,-0.013966558441558436,9.999000099990002e-05,0.01,0.9965003499650035,False,results/emnlp/main/phase_b2_beir/qwen3-5-2b/beir-nfcorpus/maxcontext_dualend/pool100/maxcontext_dualend.eval,docs/data/beir/bm25_eval/beir-nfcorpus.eval,0.0026997300269973002,1.0
qwen3-5-2b:beir-touche2020:wp-de-vs-wp-t,beir:beir-touche2020:ndcg_cut_10,ndcg_cut_10,higher,49,-0.07151632653061224,-0.10561428571428573,-0.04041836734693878,0.00019998000199980003,0.01,0.9997000299970003,False,results/emnlp/main/phase_b2_beir/qwen3-5-2b/beir-touche2020/maxcontext_dualend/pool100/maxcontext_dualend.eval,results/emnlp/main/phase_b2_beir/qwen3-5-2b/beir-touche2020/maxcontext_topdown/pool100/maxcontext_topdown.eval,0.003999600039996,1.0
qwen3-5-2b:beir-touche2020:wp-t-vs-bm25,beir:beir-touche2020:ndcg_cut_10,ndcg_cut_10,higher,49,-0.026059183673469388,-0.052034693877551025,-0.004379591836734693,0.0332966703329667,0.01,0.8964103589641036,False,results/emnlp/main/phase_b2_beir/qwen3-5-2b/beir-touche2020/maxcontext_topdown/pool100/maxcontext_topdown.eval,docs/data/beir/bm25_eval/beir-touche2020.eval,0.5231476852314768,1.0
qwen3-5-2b:beir-touche2020:wp-de-vs-bm25,beir:beir-touche2020:ndcg_cut_10,ndcg_cut_10,higher,49,-0.0975755102040816,-0.1327061224489796,-0.06477755102040818,9.999000099990002e-05,0.01,1.0,False,results/emnlp/main/phase_b2_beir/qwen3-5-2b/beir-touche2020/maxcontext_dualend/pool100/maxcontext_dualend.eval,docs/data/beir/bm25_eval/beir-touche2020.eval,0.0026997300269973002,1.0
qwen3-5-2b:beir-fiqa:wp-de-vs-wp-t,beir:beir-fiqa:ndcg_cut_10,ndcg_cut_10,higher,648,-0.0255087962962963,-0.03620277777777778,-0.015058333333333333,9.999000099990002e-05,0.01,0.9982001799820018,False,results/emnlp/main/phase_b2_beir/qwen3-5-2b/beir-fiqa/maxcontext_dualend/pool100/maxcontext_dualend.eval,results/emnlp/main/phase_b2_beir/qwen3-5-2b/beir-fiqa/maxcontext_topdown/pool100/maxcontext_topdown.eval,0.0026997300269973002,1.0
qwen3-5-2b:beir-fiqa:wp-t-vs-bm25,beir:beir-fiqa:ndcg_cut_10,ndcg_cut_10,higher,648,0.010661265432098764,0.0032231481481481495,0.01803055555555557,0.0034996500349965005,0.01,9.999000099990002e-05,True,results/emnlp/main/phase_b2_beir/qwen3-5-2b/beir-fiqa/maxcontext_topdown/pool100/maxcontext_topdown.eval,docs/data/beir/bm25_eval/beir-fiqa.eval,0.0174982501749825,0.0026997300269973002
qwen3-5-2b:beir-fiqa:wp-de-vs-bm25,beir:beir-fiqa:ndcg_cut_10,ndcg_cut_10,higher,648,-0.014847530864197536,-0.023891049382716044,-0.005986728395061728,0.0013998600139986002,0.01,0.8544145585441456,False,results/emnlp/main/phase_b2_beir/qwen3-5-2b/beir-fiqa/maxcontext_dualend/pool100/maxcontext_dualend.eval,docs/data/beir/bm25_eval/beir-fiqa.eval,0.009799020097990201,1.0
qwen3-5-2b:beir-dbpedia:wp-de-vs-wp-t,beir:beir-dbpedia:ndcg_cut_10,ndcg_cut_10,higher,400,-0.023718999999999997,-0.03204200000000001,-0.015202250000000007,9.999000099990002e-05,0.01,0.9994000599940006,False,results/emnlp/main/phase_b2_beir/qwen3-5-2b/beir-dbpedia/maxcontext_dualend/pool100/maxcontext_dualend.eval,results/emnlp/main/phase_b2_beir/qwen3-5-2b/beir-dbpedia/maxcontext_topdown/pool100/maxcontext_topdown.eval,0.0026997300269973002,1.0
qwen3-5-2b:beir-dbpedia:wp-t-vs-bm25,beir:beir-dbpedia:ndcg_cut_10,ndcg_cut_10,higher,400,0.03574525000000002,0.02712325,0.045002999999999994,9.999000099990002e-05,0.01,9.999000099990002e-05,True,results/emnlp/main/phase_b2_beir/qwen3-5-2b/beir-dbpedia/maxcontext_topdown/pool100/maxcontext_topdown.eval,docs/data/beir/bm25_eval/beir-dbpedia.eval,0.0026997300269973002,0.0026997300269973002
qwen3-5-2b:beir-dbpedia:wp-de-vs-bm25,beir:beir-dbpedia:ndcg_cut_10,ndcg_cut_10,higher,400,0.012026249999999987,0.0011992500000000074,0.02308124999999999,0.0321967803219678,0.01,9.999000099990002e-05,True,results/emnlp/main/phase_b2_beir/qwen3-5-2b/beir-dbpedia/maxcontext_dualend/pool100/maxcontext_dualend.eval,docs/data/beir/bm25_eval/beir-dbpedia.eval,0.28977102289771023,0.0026997300269973002
qwen3-5-2b:beir-trec-covid:wp-de-vs-wp-t,beir:beir-trec-covid:ndcg_cut_10,ndcg_cut_10,higher,50,-0.04175199999999999,-0.068354,-0.016579999999999994,0.001999800019998,0.01,0.9905009499050095,False,results/emnlp/main/phase_b2_beir/qwen3-5-2b/beir-trec-covid/maxcontext_dualend/pool100/maxcontext_dualend.eval,results/emnlp/main/phase_b2_beir/qwen3-5-2b/beir-trec-covid/maxcontext_topdown/pool100/maxcontext_topdown.eval,0.021997800219978002,1.0
qwen3-5-2b:beir-trec-covid:wp-t-vs-bm25,beir:beir-trec-covid:ndcg_cut_10,ndcg_cut_10,higher,50,0.049156,0.026690000000000002,0.07538800000000004,9.999000099990002e-05,0.01,9.999000099990002e-05,True,results/emnlp/main/phase_b2_beir/qwen3-5-2b/beir-trec-covid/maxcontext_topdown/pool100/maxcontext_topdown.eval,docs/data/beir/bm25_eval/beir-trec-covid.eval,0.0026997300269973002,0.0026997300269973002
qwen3-5-2b:beir-trec-covid:wp-de-vs-bm25,beir:beir-trec-covid:ndcg_cut_10,ndcg_cut_10,higher,50,0.007404000000000004,-0.021906,0.036792000000000005,0.6279372062793721,0.01,0.13158684131586842,False,results/emnlp/main/phase_b2_beir/qwen3-5-2b/beir-trec-covid/maxcontext_dualend/pool100/maxcontext_dualend.eval,docs/data/beir/bm25_eval/beir-trec-covid.eval,1.0,1.0
qwen3-5-2b:beir-scifact:wp-de-vs-wp-t,beir:beir-scifact:ndcg_cut_10,ndcg_cut_10,higher,300,-0.018789333333333335,-0.036395,-0.0025159999999999996,0.027697230276972302,0.01,0.8351164883511649,False,results/emnlp/main/phase_b2_beir/qwen3-5-2b/beir-scifact/maxcontext_dualend/pool100/maxcontext_dualend.eval,results/emnlp/main/phase_b2_beir/qwen3-5-2b/beir-scifact/maxcontext_topdown/pool100/maxcontext_topdown.eval,0.3046695330466953,1.0
qwen3-5-2b:beir-scifact:wp-t-vs-bm25,beir:beir-scifact:ndcg_cut_10,ndcg_cut_10,higher,300,0.007894,-0.005527666666666668,0.021596666666666663,0.26007399260073993,0.01,0.004399560043995601,True,results/emnlp/main/phase_b2_beir/qwen3-5-2b/beir-scifact/maxcontext_topdown/pool100/maxcontext_topdown.eval,docs/data/beir/bm25_eval/beir-scifact.eval,0.978902109789021,0.06019398060193981
qwen3-5-2b:beir-scifact:wp-de-vs-bm25,beir:beir-scifact:ndcg_cut_10,ndcg_cut_10,higher,300,-0.010895333333333333,-0.02748466666666666,0.004477666666666666,0.1957804219578042,0.01,0.5338466153384661,False,results/emnlp/main/phase_b2_beir/qwen3-5-2b/beir-scifact/maxcontext_dualend/pool100/maxcontext_dualend.eval,docs/data/beir/bm25_eval/beir-scifact.eval,0.978902109789021,1.0
qwen3-5-4b:beir-nfcorpus:wp-de-vs-wp-t,beir:beir-nfcorpus:ndcg_cut_10,ndcg_cut_10,higher,308,-0.004451948051948052,-0.011328246753246753,0.0025009740259740267,0.208979102089791,0.01,0.05879412058794121,False,results/emnlp/main/phase_b2_beir/qwen3-5-4b/beir-nfcorpus/maxcontext_dualend/pool100/maxcontext_dualend.eval,results/emnlp/main/phase_b2_beir/qwen3-5-4b/beir-nfcorpus/maxcontext_topdown/pool100/maxcontext_topdown.eval,1.0,0.47035296470352966
qwen3-5-4b:beir-nfcorpus:wp-t-vs-bm25,beir:beir-nfcorpus:ndcg_cut_10,ndcg_cut_10,higher,308,0.038416883116883106,0.026170454545454556,0.05159577922077923,9.999000099990002e-05,0.01,9.999000099990002e-05,True,results/emnlp/main/phase_b2_beir/qwen3-5-4b/beir-nfcorpus/maxcontext_topdown/pool100/maxcontext_topdown.eval,docs/data/beir/bm25_eval/beir-nfcorpus.eval,0.0026997300269973002,0.0026997300269973002
qwen3-5-4b:beir-nfcorpus:wp-de-vs-bm25,beir:beir-nfcorpus:ndcg_cut_10,ndcg_cut_10,higher,308,0.03396493506493507,0.023265259740259746,0.045229545454545446,9.999000099990002e-05,0.01,9.999000099990002e-05,True,results/emnlp/main/phase_b2_beir/qwen3-5-4b/beir-nfcorpus/maxcontext_dualend/pool100/maxcontext_dualend.eval,docs/data/beir/bm25_eval/beir-nfcorpus.eval,0.0026997300269973002,0.0026997300269973002
qwen3-5-4b:beir-touche2020:wp-de-vs-wp-t,beir:beir-touche2020:ndcg_cut_10,ndcg_cut_10,higher,49,-0.021428571428571425,-0.051446938775510216,0.008844897959183673,0.1678832116788321,0.01,0.7701229877012299,False,results/emnlp/main/phase_b2_beir/qwen3-5-4b/beir-touche2020/maxcontext_dualend/pool100/maxcontext_dualend.eval,results/emnlp/main/phase_b2_beir/qwen3-5-4b/beir-touche2020/maxcontext_topdown/pool100/maxcontext_topdown.eval,1.0,1.0
qwen3-5-4b:beir-touche2020:wp-t-vs-bm25,beir:beir-touche2020:ndcg_cut_10,ndcg_cut_10,higher,49,-0.01611020408163265,-0.0455081632653061,0.014953061224489804,0.31116888311168883,0.01,0.659034096590341,False,results/emnlp/main/phase_b2_beir/qwen3-5-4b/beir-touche2020/maxcontext_topdown/pool100/maxcontext_topdown.eval,docs/data/beir/bm25_eval/beir-touche2020.eval,1.0,1.0
qwen3-5-4b:beir-touche2020:wp-de-vs-bm25,beir:beir-touche2020:ndcg_cut_10,ndcg_cut_10,higher,49,-0.03753877551020408,-0.07697551020408162,0.0017775510204081624,0.06379362063793621,0.01,0.9146085391460854,False,results/emnlp/main/phase_b2_beir/qwen3-5-4b/beir-touche2020/maxcontext_dualend/pool100/maxcontext_dualend.eval,docs/data/beir/bm25_eval/beir-touche2020.eval,0.893110688931107,1.0
qwen3-5-4b:beir-fiqa:wp-de-vs-wp-t,beir:beir-fiqa:ndcg_cut_10,ndcg_cut_10,higher,648,-0.011852314814814826,-0.022224074074074084,-0.001328858024691357,0.0254974502549745,0.01,0.6363363663633637,False,results/emnlp/main/phase_b2_beir/qwen3-5-4b/beir-fiqa/maxcontext_dualend/pool100/maxcontext_dualend.eval,results/emnlp/main/phase_b2_beir/qwen3-5-4b/beir-fiqa/maxcontext_topdown/pool100/maxcontext_topdown.eval,0.050994900509949,1.0
qwen3-5-4b:beir-fiqa:wp-t-vs-bm25,beir:beir-fiqa:ndcg_cut_10,ndcg_cut_10,higher,648,0.1421978395061728,0.12492746913580248,0.16005308641975297,9.999000099990002e-05,0.01,9.999000099990002e-05,True,results/emnlp/main/phase_b2_beir/qwen3-5-4b/beir-fiqa/maxcontext_topdown/pool100/maxcontext_topdown.eval,docs/data/beir/bm25_eval/beir-fiqa.eval,0.0026997300269973002,0.0026997300269973002
qwen3-5-4b:beir-fiqa:wp-de-vs-bm25,beir:beir-fiqa:ndcg_cut_10,ndcg_cut_10,higher,648,0.13034552469135807,0.11150462962962958,0.14952191358024697,9.999000099990002e-05,0.01,9.999000099990002e-05,True,results/emnlp/main/phase_b2_beir/qwen3-5-4b/beir-fiqa/maxcontext_dualend/pool100/maxcontext_dualend.eval,docs/data/beir/bm25_eval/beir-fiqa.eval,0.0026997300269973002,0.0026997300269973002
qwen3-5-4b:beir-dbpedia:wp-de-vs-wp-t,beir:beir-dbpedia:ndcg_cut_10,ndcg_cut_10,higher,400,0.0013949999999999995,-0.007234999999999994,0.010140000000000003,0.7490250974902509,0.01,0.003999600039996,True,results/emnlp/main/phase_b2_beir/qwen3-5-4b/beir-dbpedia/maxcontext_dualend/pool100/maxcontext_dualend.eval,results/emnlp/main/phase_b2_beir/qwen3-5-4b/beir-dbpedia/maxcontext_topdown/pool100/maxcontext_topdown.eval,1.0,0.027997200279972004
qwen3-5-4b:beir-dbpedia:wp-t-vs-bm25,beir:beir-dbpedia:ndcg_cut_10,ndcg_cut_10,higher,400,0.09305974999999998,0.07572475,0.1106235,9.999000099990002e-05,0.01,9.999000099990002e-05,True,results/emnlp/main/phase_b2_beir/qwen3-5-4b/beir-dbpedia/maxcontext_topdown/pool100/maxcontext_topdown.eval,docs/data/beir/bm25_eval/beir-dbpedia.eval,0.0026997300269973002,0.0026997300269973002
qwen3-5-4b:beir-dbpedia:wp-de-vs-bm25,beir:beir-dbpedia:ndcg_cut_10,ndcg_cut_10,higher,400,0.09445474999999995,0.07707449999999998,0.11205225,9.999000099990002e-05,0.01,9.999000099990002e-05,True,results/emnlp/main/phase_b2_beir/qwen3-5-4b/beir-dbpedia/maxcontext_dualend/pool100/maxcontext_dualend.eval,docs/data/beir/bm25_eval/beir-dbpedia.eval,0.0026997300269973002,0.0026997300269973002
qwen3-5-4b:beir-trec-covid:wp-de-vs-wp-t,beir:beir-trec-covid:ndcg_cut_10,ndcg_cut_10,higher,50,-0.028924000000000002,-0.05399,-0.003441999999999993,0.028397160283971604,0.01,0.9283071692830717,False,results/emnlp/main/phase_b2_beir/qwen3-5-4b/beir-trec-covid/maxcontext_dualend/pool100/maxcontext_dualend.eval,results/emnlp/main/phase_b2_beir/qwen3-5-4b/beir-trec-covid/maxcontext_topdown/pool100/maxcontext_topdown.eval,0.25557444255574446,1.0
qwen3-5-4b:beir-trec-covid:wp-t-vs-bm25,beir:beir-trec-covid:ndcg_cut_10,ndcg_cut_10,higher,50,0.20807399999999995,0.16003399999999995,0.257622,9.999000099990002e-05,0.01,9.999000099990002e-05,True,results/emnlp/main/phase_b2_beir/qwen3-5-4b/beir-trec-covid/maxcontext_topdown/pool100/maxcontext_topdown.eval,docs/data/beir/bm25_eval/beir-trec-covid.eval,0.0026997300269973002,0.0026997300269973002
qwen3-5-4b:beir-trec-covid:wp-de-vs-bm25,beir:beir-trec-covid:ndcg_cut_10,ndcg_cut_10,higher,50,0.17915000000000006,0.127342,0.231698,9.999000099990002e-05,0.01,9.999000099990002e-05,True,results/emnlp/main/phase_b2_beir/qwen3-5-4b/beir-trec-covid/maxcontext_dualend/pool100/maxcontext_dualend.eval,docs/data/beir/bm25_eval/beir-trec-covid.eval,0.0026997300269973002,0.0026997300269973002
qwen3-5-4b:beir-scifact:wp-de-vs-wp-t,beir:beir-scifact:ndcg_cut_10,ndcg_cut_10,higher,300,-0.010965333333333332,-0.027464999999999982,0.005783666666666669,0.20057994200579943,0.01,0.5521447855214479,False,results/emnlp/main/phase_b2_beir/qwen3-5-4b/beir-scifact/maxcontext_dualend/pool100/maxcontext_dualend.eval,results/emnlp/main/phase_b2_beir/qwen3-5-4b/beir-scifact/maxcontext_topdown/pool100/maxcontext_topdown.eval,0.978902109789021,1.0
qwen3-5-4b:beir-scifact:wp-t-vs-bm25,beir:beir-scifact:ndcg_cut_10,ndcg_cut_10,higher,300,0.08061733333333333,0.05369766666666666,0.10819366666666667,9.999000099990002e-05,0.01,9.999000099990002e-05,True,results/emnlp/main/phase_b2_beir/qwen3-5-4b/beir-scifact/maxcontext_topdown/pool100/maxcontext_topdown.eval,docs/data/beir/bm25_eval/beir-scifact.eval,0.0026997300269973002,0.0026997300269973002
qwen3-5-4b:beir-scifact:wp-de-vs-bm25,beir:beir-scifact:ndcg_cut_10,ndcg_cut_10,higher,300,0.069652,0.04538233333333332,0.09536666666666668,9.999000099990002e-05,0.01,9.999000099990002e-05,True,results/emnlp/main/phase_b2_beir/qwen3-5-4b/beir-scifact/maxcontext_dualend/pool100/maxcontext_dualend.eval,docs/data/beir/bm25_eval/beir-scifact.eval,0.0026997300269973002,0.0026997300269973002
qwen3-5-9b:beir-nfcorpus:wp-de-vs-wp-t,beir:beir-nfcorpus:ndcg_cut_10,ndcg_cut_10,higher,308,-0.0034577922077922082,-0.010583766233766232,0.0037000000000000006,0.3370662933706629,0.01,0.0344965503449655,False,results/emnlp/main/phase_b2_beir/qwen3-5-9b/beir-nfcorpus/maxcontext_dualend/pool100/maxcontext_dualend.eval,results/emnlp/main/phase_b2_beir/qwen3-5-9b/beir-nfcorpus/maxcontext_topdown/pool100/maxcontext_topdown.eval,1.0,0.3104689531046895
qwen3-5-9b:beir-nfcorpus:wp-t-vs-bm25,beir:beir-nfcorpus:ndcg_cut_10,ndcg_cut_10,higher,308,0.04289545454545456,0.030763311688311697,0.055849025974025975,9.999000099990002e-05,0.01,9.999000099990002e-05,True,results/emnlp/main/phase_b2_beir/qwen3-5-9b/beir-nfcorpus/maxcontext_topdown/pool100/maxcontext_topdown.eval,docs/data/beir/bm25_eval/beir-nfcorpus.eval,0.0026997300269973002,0.0026997300269973002
qwen3-5-9b:beir-nfcorpus:wp-de-vs-bm25,beir:beir-nfcorpus:ndcg_cut_10,ndcg_cut_10,higher,308,0.03943766233766235,0.027734740259740275,0.05154383116883119,9.999000099990002e-05,0.01,9.999000099990002e-05,True,results/emnlp/main/phase_b2_beir/qwen3-5-9b/beir-nfcorpus/maxcontext_dualend/pool100/maxcontext_dualend.eval,docs/data/beir/bm25_eval/beir-nfcorpus.eval,0.0026997300269973002,0.0026997300269973002
qwen3-5-9b:beir-touche2020:wp-de-vs-wp-t,beir:beir-touche2020:ndcg_cut_10,ndcg_cut_10,higher,49,-0.0012387755102040783,-0.02222857142857143,0.019969387755102038,0.9087091290870913,0.01,0.21677832216778323,False,results/emnlp/main/phase_b2_beir/qwen3-5-9b/beir-touche2020/maxcontext_dualend/pool100/maxcontext_dualend.eval,results/emnlp/main/phase_b2_beir/qwen3-5-9b/beir-touche2020/maxcontext_topdown/pool100/maxcontext_topdown.eval,1.0,1.0
qwen3-5-9b:beir-touche2020:wp-t-vs-bm25,beir:beir-touche2020:ndcg_cut_10,ndcg_cut_10,higher,49,-0.00033061224489795905,-0.02829387755102041,0.02856122448979591,0.9831016898310169,0.01,0.2566743325667433,False,results/emnlp/main/phase_b2_beir/qwen3-5-9b/beir-touche2020/maxcontext_topdown/pool100/maxcontext_topdown.eval,docs/data/beir/bm25_eval/beir-touche2020.eval,1.0,1.0
qwen3-5-9b:beir-touche2020:wp-de-vs-bm25,beir:beir-touche2020:ndcg_cut_10,ndcg_cut_10,higher,49,-0.001569387755102039,-0.029989795918367344,0.02476530612244898,0.9158084191580842,0.01,0.27877212278772123,False,results/emnlp/main/phase_b2_beir/qwen3-5-9b/beir-touche2020/maxcontext_dualend/pool100/maxcontext_dualend.eval,docs/data/beir/bm25_eval/beir-touche2020.eval,1.0,1.0
qwen3-5-9b:beir-fiqa:wp-de-vs-wp-t,beir:beir-fiqa:ndcg_cut_10,ndcg_cut_10,higher,648,-0.013666975308641964,-0.02229675925925926,-0.004893981481481476,0.0023997600239976003,0.01,0.7926207379262074,False,results/emnlp/main/phase_b2_beir/qwen3-5-9b/beir-fiqa/maxcontext_dualend/pool100/maxcontext_dualend.eval,results/emnlp/main/phase_b2_beir/qwen3-5-9b/beir-fiqa/maxcontext_topdown/pool100/maxcontext_topdown.eval,0.014398560143985602,1.0
qwen3-5-9b:beir-fiqa:wp-t-vs-bm25,beir:beir-fiqa:ndcg_cut_10,ndcg_cut_10,higher,648,0.17475987654320999,0.15315833333333315,0.19687206790123463,9.999000099990002e-05,0.01,9.999000099990002e-05,True,results/emnlp/main/phase_b2_beir/qwen3-5-9b/beir-fiqa/maxcontext_topdown/pool100/maxcontext_topdown.eval,docs/data/beir/bm25_eval/beir-fiqa.eval,0.0026997300269973002,0.0026997300269973002
qwen3-5-9b:beir-fiqa:wp-de-vs-bm25,beir:beir-fiqa:ndcg_cut_10,ndcg_cut_10,higher,648,0.1610929012345679,0.14160987654320994,0.18148024691358025,9.999000099990002e-05,0.01,9.999000099990002e-05,True,results/emnlp/main/phase_b2_beir/qwen3-5-9b/beir-fiqa/maxcontext_dualend/pool100/maxcontext_dualend.eval,docs/data/beir/bm25_eval/beir-fiqa.eval,0.0026997300269973002,0.0026997300269973002
qwen3-5-9b:beir-dbpedia:wp-de-vs-wp-t,beir:beir-dbpedia:ndcg_cut_10,ndcg_cut_10,higher,400,0.007919749999999996,-0.00042149999999999973,0.016077749999999988,0.05879412058794121,0.01,9.999000099990002e-05,True,results/emnlp/main/phase_b2_beir/qwen3-5-9b/beir-dbpedia/maxcontext_dualend/pool100/maxcontext_dualend.eval,results/emnlp/main/phase_b2_beir/qwen3-5-9b/beir-dbpedia/maxcontext_topdown/pool100/maxcontext_topdown.eval,0.47035296470352966,0.0026997300269973002
qwen3-5-9b:beir-dbpedia:wp-t-vs-bm25,beir:beir-dbpedia:ndcg_cut_10,ndcg_cut_10,higher,400,0.11964825000000001,0.10036724999999995,0.13929925000000004,9.999000099990002e-05,0.01,9.999000099990002e-05,True,results/emnlp/main/phase_b2_beir/qwen3-5-9b/beir-dbpedia/maxcontext_topdown/pool100/maxcontext_topdown.eval,docs/data/beir/bm25_eval/beir-dbpedia.eval,0.0026997300269973002,0.0026997300269973002
qwen3-5-9b:beir-dbpedia:wp-de-vs-bm25,beir:beir-dbpedia:ndcg_cut_10,ndcg_cut_10,higher,400,0.12756799999999993,0.10859625000000006,0.14653824999999998,9.999000099990002e-05,0.01,9.999000099990002e-05,True,results/emnlp/main/phase_b2_beir/qwen3-5-9b/beir-dbpedia/maxcontext_dualend/pool100/maxcontext_dualend.eval,docs/data/beir/bm25_eval/beir-dbpedia.eval,0.0026997300269973002,0.0026997300269973002
qwen3-5-9b:beir-trec-covid:wp-de-vs-wp-t,beir:beir-trec-covid:ndcg_cut_10,ndcg_cut_10,higher,50,0.007869999999999997,-0.012226000000000004,0.031318,0.5009499050094991,0.01,0.06179382061793821,False,results/emnlp/main/phase_b2_beir/qwen3-5-9b/beir-trec-covid/maxcontext_dualend/pool100/maxcontext_dualend.eval,results/emnlp/main/phase_b2_beir/qwen3-5-9b/beir-trec-covid/maxcontext_topdown/pool100/maxcontext_topdown.eval,1.0,0.6797320267973203
qwen3-5-9b:beir-trec-covid:wp-t-vs-bm25,beir:beir-trec-covid:ndcg_cut_10,ndcg_cut_10,higher,50,0.20538200000000004,0.15337600000000004,0.2562380000000001,9.999000099990002e-05,0.01,9.999000099990002e-05,True,results/emnlp/main/phase_b2_beir/qwen3-5-9b/beir-trec-covid/maxcontext_topdown/pool100/maxcontext_topdown.eval,docs/data/beir/bm25_eval/beir-trec-covid.eval,0.0026997300269973002,0.0026997300269973002
qwen3-5-9b:beir-trec-covid:wp-de-vs-bm25,beir:beir-trec-covid:ndcg_cut_10,ndcg_cut_10,higher,50,0.21325200000000005,0.17154200000000003,0.256042,9.999000099990002e-05,0.01,9.999000099990002e-05,True,results/emnlp/main/phase_b2_beir/qwen3-5-9b/beir-trec-covid/maxcontext_dualend/pool100/maxcontext_dualend.eval,docs/data/beir/bm25_eval/beir-trec-covid.eval,0.0026997300269973002,0.0026997300269973002
qwen3-5-9b:beir-scifact:wp-de-vs-wp-t,beir:beir-scifact:ndcg_cut_10,ndcg_cut_10,higher,300,-0.013890666666666673,-0.03052766666666666,0.0018623333333333332,0.09429057094290572,0.01,0.6774322567743226,False,results/emnlp/main/phase_b2_beir/qwen3-5-9b/beir-scifact/maxcontext_dualend/pool100/maxcontext_dualend.eval,results/emnlp/main/phase_b2_beir/qwen3-5-9b/beir-scifact/maxcontext_topdown/pool100/maxcontext_topdown.eval,0.66003399660034,1.0
qwen3-5-9b:beir-scifact:wp-t-vs-bm25,beir:beir-scifact:ndcg_cut_10,ndcg_cut_10,higher,300,0.11182966666666663,0.08223266666666669,0.14227533333333336,9.999000099990002e-05,0.01,9.999000099990002e-05,True,results/emnlp/main/phase_b2_beir/qwen3-5-9b/beir-scifact/maxcontext_topdown/pool100/maxcontext_topdown.eval,docs/data/beir/bm25_eval/beir-scifact.eval,0.0026997300269973002,0.0026997300269973002
qwen3-5-9b:beir-scifact:wp-de-vs-bm25,beir:beir-scifact:ndcg_cut_10,ndcg_cut_10,higher,300,0.09793900000000001,0.07168166666666669,0.12436133333333331,9.999000099990002e-05,0.01,9.999000099990002e-05,True,results/emnlp/main/phase_b2_beir/qwen3-5-9b/beir-scifact/maxcontext_dualend/pool100/maxcontext_dualend.eval,docs/data/beir/bm25_eval/beir-scifact.eval,0.0026997300269973002,0.0026997300269973002
