model,dataset,method,counter,value,aggregation
meta-llama-3-1-8b-instruct,beir-nfcorpus,maxcontext_topdown,parse_fallbacks,0.003246753246753247,average_per_query
meta-llama-3-1-8b-instruct,beir-nfcorpus,maxcontext_topdown,strict_parse_fallbacks,0.0,average_per_query
meta-llama-3-1-8b-instruct,beir-nfcorpus,maxcontext_topdown,unparseable_after_exhaustion_fallbacks,0.0,average_per_query
meta-llama-3-1-8b-instruct,beir-nfcorpus,maxcontext_topdown,bm25_bypasses,0.9577922077922078,average_per_query
meta-llama-3-1-8b-instruct,beir-nfcorpus,maxcontext_topdown,parse_failure_bm25_fallback,0.0,average_per_query
meta-llama-3-1-8b-instruct,beir-nfcorpus,maxcontext_topdown,retries_fired,0.0,total
meta-llama-3-1-8b-instruct,beir-nfcorpus,maxcontext_dualend,parse_fallbacks,0.012987012987012988,average_per_query
meta-llama-3-1-8b-instruct,beir-nfcorpus,maxcontext_dualend,strict_parse_fallbacks,0.0,average_per_query
meta-llama-3-1-8b-instruct,beir-nfcorpus,maxcontext_dualend,unparseable_after_exhaustion_fallbacks,0.0,average_per_query
meta-llama-3-1-8b-instruct,beir-nfcorpus,maxcontext_dualend,bm25_bypasses,,average_per_query
meta-llama-3-1-8b-instruct,beir-nfcorpus,maxcontext_dualend,parse_failure_bm25_fallback,0.0,average_per_query
meta-llama-3-1-8b-instruct,beir-nfcorpus,maxcontext_dualend,retries_fired,12.0,total
meta-llama-3-1-8b-instruct,beir-touche2020,maxcontext_topdown,parse_fallbacks,0.0,average_per_query
meta-llama-3-1-8b-instruct,beir-touche2020,maxcontext_topdown,strict_parse_fallbacks,0.0,average_per_query
meta-llama-3-1-8b-instruct,beir-touche2020,maxcontext_topdown,unparseable_after_exhaustion_fallbacks,0.0,average_per_query
meta-llama-3-1-8b-instruct,beir-touche2020,maxcontext_topdown,bm25_bypasses,1.0,average_per_query
meta-llama-3-1-8b-instruct,beir-touche2020,maxcontext_topdown,parse_failure_bm25_fallback,0.0,average_per_query
meta-llama-3-1-8b-instruct,beir-touche2020,maxcontext_topdown,retries_fired,0.0,total
meta-llama-3-1-8b-instruct,beir-touche2020,maxcontext_dualend,parse_fallbacks,0.0,average_per_query
meta-llama-3-1-8b-instruct,beir-touche2020,maxcontext_dualend,strict_parse_fallbacks,0.0,average_per_query
meta-llama-3-1-8b-instruct,beir-touche2020,maxcontext_dualend,unparseable_after_exhaustion_fallbacks,0.0,average_per_query
meta-llama-3-1-8b-instruct,beir-touche2020,maxcontext_dualend,bm25_bypasses,,average_per_query
meta-llama-3-1-8b-instruct,beir-touche2020,maxcontext_dualend,parse_failure_bm25_fallback,0.0,average_per_query
meta-llama-3-1-8b-instruct,beir-touche2020,maxcontext_dualend,retries_fired,0.0,total
meta-llama-3-1-8b-instruct,beir-fiqa,maxcontext_topdown,parse_fallbacks,0.0,average_per_query
meta-llama-3-1-8b-instruct,beir-fiqa,maxcontext_topdown,strict_parse_fallbacks,0.0,average_per_query
meta-llama-3-1-8b-instruct,beir-fiqa,maxcontext_topdown,unparseable_after_exhaustion_fallbacks,0.0,average_per_query
meta-llama-3-1-8b-instruct,beir-fiqa,maxcontext_topdown,bm25_bypasses,1.0,average_per_query
meta-llama-3-1-8b-instruct,beir-fiqa,maxcontext_topdown,parse_failure_bm25_fallback,0.0,average_per_query
meta-llama-3-1-8b-instruct,beir-fiqa,maxcontext_topdown,retries_fired,0.0,total
meta-llama-3-1-8b-instruct,beir-fiqa,maxcontext_dualend,parse_fallbacks,0.0015432098765432098,average_per_query
meta-llama-3-1-8b-instruct,beir-fiqa,maxcontext_dualend,strict_parse_fallbacks,0.0,average_per_query
meta-llama-3-1-8b-instruct,beir-fiqa,maxcontext_dualend,unparseable_after_exhaustion_fallbacks,0.0,average_per_query
meta-llama-3-1-8b-instruct,beir-fiqa,maxcontext_dualend,bm25_bypasses,,average_per_query
meta-llama-3-1-8b-instruct,beir-fiqa,maxcontext_dualend,parse_failure_bm25_fallback,0.0,average_per_query
meta-llama-3-1-8b-instruct,beir-fiqa,maxcontext_dualend,retries_fired,3.0,total
meta-llama-3-1-8b-instruct,beir-dbpedia,maxcontext_topdown,parse_fallbacks,0.01,average_per_query
meta-llama-3-1-8b-instruct,beir-dbpedia,maxcontext_topdown,strict_parse_fallbacks,0.0,average_per_query
meta-llama-3-1-8b-instruct,beir-dbpedia,maxcontext_topdown,unparseable_after_exhaustion_fallbacks,0.0,average_per_query
meta-llama-3-1-8b-instruct,beir-dbpedia,maxcontext_topdown,bm25_bypasses,1.0,average_per_query
meta-llama-3-1-8b-instruct,beir-dbpedia,maxcontext_topdown,parse_failure_bm25_fallback,0.0,average_per_query
meta-llama-3-1-8b-instruct,beir-dbpedia,maxcontext_topdown,retries_fired,0.0,total
meta-llama-3-1-8b-instruct,beir-dbpedia,maxcontext_dualend,parse_fallbacks,0.025,average_per_query
meta-llama-3-1-8b-instruct,beir-dbpedia,maxcontext_dualend,strict_parse_fallbacks,0.0,average_per_query
meta-llama-3-1-8b-instruct,beir-dbpedia,maxcontext_dualend,unparseable_after_exhaustion_fallbacks,0.0,average_per_query
meta-llama-3-1-8b-instruct,beir-dbpedia,maxcontext_dualend,bm25_bypasses,,average_per_query
meta-llama-3-1-8b-instruct,beir-dbpedia,maxcontext_dualend,parse_failure_bm25_fallback,0.0,average_per_query
meta-llama-3-1-8b-instruct,beir-dbpedia,maxcontext_dualend,retries_fired,30.0,total
meta-llama-3-1-8b-instruct,beir-trec-covid,maxcontext_topdown,parse_fallbacks,0.0,average_per_query
meta-llama-3-1-8b-instruct,beir-trec-covid,maxcontext_topdown,strict_parse_fallbacks,0.0,average_per_query
meta-llama-3-1-8b-instruct,beir-trec-covid,maxcontext_topdown,unparseable_after_exhaustion_fallbacks,0.0,average_per_query
meta-llama-3-1-8b-instruct,beir-trec-covid,maxcontext_topdown,bm25_bypasses,1.0,average_per_query
meta-llama-3-1-8b-instruct,beir-trec-covid,maxcontext_topdown,parse_failure_bm25_fallback,0.0,average_per_query
meta-llama-3-1-8b-instruct,beir-trec-covid,maxcontext_topdown,retries_fired,0.0,total
meta-llama-3-1-8b-instruct,beir-trec-covid,maxcontext_dualend,parse_fallbacks,0.0,average_per_query
meta-llama-3-1-8b-instruct,beir-trec-covid,maxcontext_dualend,strict_parse_fallbacks,0.0,average_per_query
meta-llama-3-1-8b-instruct,beir-trec-covid,maxcontext_dualend,unparseable_after_exhaustion_fallbacks,0.0,average_per_query
meta-llama-3-1-8b-instruct,beir-trec-covid,maxcontext_dualend,bm25_bypasses,,average_per_query
meta-llama-3-1-8b-instruct,beir-trec-covid,maxcontext_dualend,parse_failure_bm25_fallback,0.0,average_per_query
meta-llama-3-1-8b-instruct,beir-trec-covid,maxcontext_dualend,retries_fired,0.0,total
meta-llama-3-1-8b-instruct,beir-scifact,maxcontext_topdown,parse_fallbacks,0.0,average_per_query
meta-llama-3-1-8b-instruct,beir-scifact,maxcontext_topdown,strict_parse_fallbacks,0.0033333333333333335,average_per_query
meta-llama-3-1-8b-instruct,beir-scifact,maxcontext_topdown,unparseable_after_exhaustion_fallbacks,0.0,average_per_query
meta-llama-3-1-8b-instruct,beir-scifact,maxcontext_topdown,bm25_bypasses,1.0,average_per_query
meta-llama-3-1-8b-instruct,beir-scifact,maxcontext_topdown,parse_failure_bm25_fallback,0.0,average_per_query
meta-llama-3-1-8b-instruct,beir-scifact,maxcontext_topdown,retries_fired,3.0,total
meta-llama-3-1-8b-instruct,beir-scifact,maxcontext_dualend,parse_fallbacks,0.0033333333333333335,average_per_query
meta-llama-3-1-8b-instruct,beir-scifact,maxcontext_dualend,strict_parse_fallbacks,0.0,average_per_query
meta-llama-3-1-8b-instruct,beir-scifact,maxcontext_dualend,unparseable_after_exhaustion_fallbacks,0.0,average_per_query
meta-llama-3-1-8b-instruct,beir-scifact,maxcontext_dualend,bm25_bypasses,,average_per_query
meta-llama-3-1-8b-instruct,beir-scifact,maxcontext_dualend,parse_failure_bm25_fallback,0.0,average_per_query
meta-llama-3-1-8b-instruct,beir-scifact,maxcontext_dualend,retries_fired,3.0,total
ministral-3-14b-instruct-2512,beir-nfcorpus,maxcontext_topdown,parse_fallbacks,1.1785714285714286,average_per_query
ministral-3-14b-instruct-2512,beir-nfcorpus,maxcontext_topdown,strict_parse_fallbacks,0.0,average_per_query
ministral-3-14b-instruct-2512,beir-nfcorpus,maxcontext_topdown,unparseable_after_exhaustion_fallbacks,0.0,average_per_query
ministral-3-14b-instruct-2512,beir-nfcorpus,maxcontext_topdown,bm25_bypasses,0.9577922077922078,average_per_query
ministral-3-14b-instruct-2512,beir-nfcorpus,maxcontext_topdown,parse_failure_bm25_fallback,0.0,average_per_query
ministral-3-14b-instruct-2512,beir-nfcorpus,maxcontext_topdown,retries_fired,0.0,total
ministral-3-14b-instruct-2512,beir-nfcorpus,maxcontext_dualend,parse_fallbacks,0.0,average_per_query
ministral-3-14b-instruct-2512,beir-nfcorpus,maxcontext_dualend,strict_parse_fallbacks,0.0,average_per_query
ministral-3-14b-instruct-2512,beir-nfcorpus,maxcontext_dualend,unparseable_after_exhaustion_fallbacks,0.0,average_per_query
ministral-3-14b-instruct-2512,beir-nfcorpus,maxcontext_dualend,bm25_bypasses,,average_per_query
ministral-3-14b-instruct-2512,beir-nfcorpus,maxcontext_dualend,parse_failure_bm25_fallback,0.0,average_per_query
ministral-3-14b-instruct-2512,beir-nfcorpus,maxcontext_dualend,retries_fired,0.0,total
ministral-3-14b-instruct-2512,beir-touche2020,maxcontext_topdown,parse_fallbacks,0.061224489795918366,average_per_query
ministral-3-14b-instruct-2512,beir-touche2020,maxcontext_topdown,strict_parse_fallbacks,0.0,average_per_query
ministral-3-14b-instruct-2512,beir-touche2020,maxcontext_topdown,unparseable_after_exhaustion_fallbacks,0.0,average_per_query
ministral-3-14b-instruct-2512,beir-touche2020,maxcontext_topdown,bm25_bypasses,1.0,average_per_query
ministral-3-14b-instruct-2512,beir-touche2020,maxcontext_topdown,parse_failure_bm25_fallback,0.0,average_per_query
ministral-3-14b-instruct-2512,beir-touche2020,maxcontext_topdown,retries_fired,0.0,total
ministral-3-14b-instruct-2512,beir-touche2020,maxcontext_dualend,parse_fallbacks,0.0,average_per_query
ministral-3-14b-instruct-2512,beir-touche2020,maxcontext_dualend,strict_parse_fallbacks,0.0,average_per_query
ministral-3-14b-instruct-2512,beir-touche2020,maxcontext_dualend,unparseable_after_exhaustion_fallbacks,0.0,average_per_query
ministral-3-14b-instruct-2512,beir-touche2020,maxcontext_dualend,bm25_bypasses,,average_per_query
ministral-3-14b-instruct-2512,beir-touche2020,maxcontext_dualend,parse_failure_bm25_fallback,0.0,average_per_query
ministral-3-14b-instruct-2512,beir-touche2020,maxcontext_dualend,retries_fired,0.0,total
ministral-3-14b-instruct-2512,beir-fiqa,maxcontext_topdown,parse_fallbacks,0.5617283950617284,average_per_query
ministral-3-14b-instruct-2512,beir-fiqa,maxcontext_topdown,strict_parse_fallbacks,0.0,average_per_query
ministral-3-14b-instruct-2512,beir-fiqa,maxcontext_topdown,unparseable_after_exhaustion_fallbacks,0.0,average_per_query
ministral-3-14b-instruct-2512,beir-fiqa,maxcontext_topdown,bm25_bypasses,1.0,average_per_query
ministral-3-14b-instruct-2512,beir-fiqa,maxcontext_topdown,parse_failure_bm25_fallback,0.0,average_per_query
ministral-3-14b-instruct-2512,beir-fiqa,maxcontext_topdown,retries_fired,0.0,total
ministral-3-14b-instruct-2512,beir-fiqa,maxcontext_dualend,parse_fallbacks,0.0,average_per_query
ministral-3-14b-instruct-2512,beir-fiqa,maxcontext_dualend,strict_parse_fallbacks,0.0,average_per_query
ministral-3-14b-instruct-2512,beir-fiqa,maxcontext_dualend,unparseable_after_exhaustion_fallbacks,0.0,average_per_query
ministral-3-14b-instruct-2512,beir-fiqa,maxcontext_dualend,bm25_bypasses,,average_per_query
ministral-3-14b-instruct-2512,beir-fiqa,maxcontext_dualend,parse_failure_bm25_fallback,0.0,average_per_query
ministral-3-14b-instruct-2512,beir-fiqa,maxcontext_dualend,retries_fired,0.0,total
ministral-3-14b-instruct-2512,beir-dbpedia,maxcontext_topdown,parse_fallbacks,2.0125,average_per_query
ministral-3-14b-instruct-2512,beir-dbpedia,maxcontext_topdown,strict_parse_fallbacks,0.0,average_per_query
ministral-3-14b-instruct-2512,beir-dbpedia,maxcontext_topdown,unparseable_after_exhaustion_fallbacks,0.0,average_per_query
ministral-3-14b-instruct-2512,beir-dbpedia,maxcontext_topdown,bm25_bypasses,1.0,average_per_query
ministral-3-14b-instruct-2512,beir-dbpedia,maxcontext_topdown,parse_failure_bm25_fallback,0.0,average_per_query
ministral-3-14b-instruct-2512,beir-dbpedia,maxcontext_topdown,retries_fired,0.0,total
ministral-3-14b-instruct-2512,beir-dbpedia,maxcontext_dualend,parse_fallbacks,0.0075,average_per_query
ministral-3-14b-instruct-2512,beir-dbpedia,maxcontext_dualend,strict_parse_fallbacks,0.0,average_per_query
ministral-3-14b-instruct-2512,beir-dbpedia,maxcontext_dualend,unparseable_after_exhaustion_fallbacks,0.0,average_per_query
ministral-3-14b-instruct-2512,beir-dbpedia,maxcontext_dualend,bm25_bypasses,,average_per_query
ministral-3-14b-instruct-2512,beir-dbpedia,maxcontext_dualend,parse_failure_bm25_fallback,0.0,average_per_query
ministral-3-14b-instruct-2512,beir-dbpedia,maxcontext_dualend,retries_fired,9.0,total
ministral-3-14b-instruct-2512,beir-trec-covid,maxcontext_topdown,parse_fallbacks,0.84,average_per_query
ministral-3-14b-instruct-2512,beir-trec-covid,maxcontext_topdown,strict_parse_fallbacks,0.0,average_per_query
ministral-3-14b-instruct-2512,beir-trec-covid,maxcontext_topdown,unparseable_after_exhaustion_fallbacks,0.0,average_per_query
ministral-3-14b-instruct-2512,beir-trec-covid,maxcontext_topdown,bm25_bypasses,1.0,average_per_query
ministral-3-14b-instruct-2512,beir-trec-covid,maxcontext_topdown,parse_failure_bm25_fallback,0.0,average_per_query
ministral-3-14b-instruct-2512,beir-trec-covid,maxcontext_topdown,retries_fired,0.0,total
ministral-3-14b-instruct-2512,beir-trec-covid,maxcontext_dualend,parse_fallbacks,0.0,average_per_query
ministral-3-14b-instruct-2512,beir-trec-covid,maxcontext_dualend,strict_parse_fallbacks,0.0,average_per_query
ministral-3-14b-instruct-2512,beir-trec-covid,maxcontext_dualend,unparseable_after_exhaustion_fallbacks,0.0,average_per_query
ministral-3-14b-instruct-2512,beir-trec-covid,maxcontext_dualend,bm25_bypasses,,average_per_query
ministral-3-14b-instruct-2512,beir-trec-covid,maxcontext_dualend,parse_failure_bm25_fallback,0.0,average_per_query
ministral-3-14b-instruct-2512,beir-trec-covid,maxcontext_dualend,retries_fired,0.0,total
ministral-3-14b-instruct-2512,beir-scifact,maxcontext_topdown,parse_fallbacks,0.9966666666666667,average_per_query
ministral-3-14b-instruct-2512,beir-scifact,maxcontext_topdown,strict_parse_fallbacks,0.0,average_per_query
ministral-3-14b-instruct-2512,beir-scifact,maxcontext_topdown,unparseable_after_exhaustion_fallbacks,0.0,average_per_query
ministral-3-14b-instruct-2512,beir-scifact,maxcontext_topdown,bm25_bypasses,1.0,average_per_query
ministral-3-14b-instruct-2512,beir-scifact,maxcontext_topdown,parse_failure_bm25_fallback,0.0,average_per_query
ministral-3-14b-instruct-2512,beir-scifact,maxcontext_topdown,retries_fired,0.0,total
ministral-3-14b-instruct-2512,beir-scifact,maxcontext_dualend,parse_fallbacks,0.0,average_per_query
ministral-3-14b-instruct-2512,beir-scifact,maxcontext_dualend,strict_parse_fallbacks,0.0,average_per_query
ministral-3-14b-instruct-2512,beir-scifact,maxcontext_dualend,unparseable_after_exhaustion_fallbacks,0.0,average_per_query
ministral-3-14b-instruct-2512,beir-scifact,maxcontext_dualend,bm25_bypasses,,average_per_query
ministral-3-14b-instruct-2512,beir-scifact,maxcontext_dualend,parse_failure_bm25_fallback,0.0,average_per_query
ministral-3-14b-instruct-2512,beir-scifact,maxcontext_dualend,retries_fired,0.0,total
ministral-3-3b-instruct-2512,beir-nfcorpus,maxcontext_topdown,parse_fallbacks,0.022727272727272728,average_per_query
ministral-3-3b-instruct-2512,beir-nfcorpus,maxcontext_topdown,strict_parse_fallbacks,0.0,average_per_query
ministral-3-3b-instruct-2512,beir-nfcorpus,maxcontext_topdown,unparseable_after_exhaustion_fallbacks,0.0,average_per_query
ministral-3-3b-instruct-2512,beir-nfcorpus,maxcontext_topdown,bm25_bypasses,0.9577922077922078,average_per_query
ministral-3-3b-instruct-2512,beir-nfcorpus,maxcontext_topdown,parse_failure_bm25_fallback,0.0,average_per_query
ministral-3-3b-instruct-2512,beir-nfcorpus,maxcontext_topdown,retries_fired,0.0,total
ministral-3-3b-instruct-2512,beir-nfcorpus,maxcontext_dualend,parse_fallbacks,0.003246753246753247,average_per_query
ministral-3-3b-instruct-2512,beir-nfcorpus,maxcontext_dualend,strict_parse_fallbacks,0.0,average_per_query
ministral-3-3b-instruct-2512,beir-nfcorpus,maxcontext_dualend,unparseable_after_exhaustion_fallbacks,0.0,average_per_query
ministral-3-3b-instruct-2512,beir-nfcorpus,maxcontext_dualend,bm25_bypasses,,average_per_query
ministral-3-3b-instruct-2512,beir-nfcorpus,maxcontext_dualend,parse_failure_bm25_fallback,0.0,average_per_query
ministral-3-3b-instruct-2512,beir-nfcorpus,maxcontext_dualend,retries_fired,3.0,total
ministral-3-3b-instruct-2512,beir-touche2020,maxcontext_topdown,parse_fallbacks,0.04081632653061224,average_per_query
ministral-3-3b-instruct-2512,beir-touche2020,maxcontext_topdown,strict_parse_fallbacks,0.0,average_per_query
ministral-3-3b-instruct-2512,beir-touche2020,maxcontext_topdown,unparseable_after_exhaustion_fallbacks,0.0,average_per_query
ministral-3-3b-instruct-2512,beir-touche2020,maxcontext_topdown,bm25_bypasses,1.0,average_per_query
ministral-3-3b-instruct-2512,beir-touche2020,maxcontext_topdown,parse_failure_bm25_fallback,0.0,average_per_query
ministral-3-3b-instruct-2512,beir-touche2020,maxcontext_topdown,retries_fired,0.0,total
ministral-3-3b-instruct-2512,beir-touche2020,maxcontext_dualend,parse_fallbacks,0.0,average_per_query
ministral-3-3b-instruct-2512,beir-touche2020,maxcontext_dualend,strict_parse_fallbacks,0.0,average_per_query
ministral-3-3b-instruct-2512,beir-touche2020,maxcontext_dualend,unparseable_after_exhaustion_fallbacks,0.0,average_per_query
ministral-3-3b-instruct-2512,beir-touche2020,maxcontext_dualend,bm25_bypasses,,average_per_query
ministral-3-3b-instruct-2512,beir-touche2020,maxcontext_dualend,parse_failure_bm25_fallback,0.0,average_per_query
ministral-3-3b-instruct-2512,beir-touche2020,maxcontext_dualend,retries_fired,0.0,total
ministral-3-3b-instruct-2512,beir-fiqa,maxcontext_topdown,parse_fallbacks,0.027777777777777776,average_per_query
ministral-3-3b-instruct-2512,beir-fiqa,maxcontext_topdown,strict_parse_fallbacks,0.0,average_per_query
ministral-3-3b-instruct-2512,beir-fiqa,maxcontext_topdown,unparseable_after_exhaustion_fallbacks,0.0,average_per_query
ministral-3-3b-instruct-2512,beir-fiqa,maxcontext_topdown,bm25_bypasses,1.0,average_per_query
ministral-3-3b-instruct-2512,beir-fiqa,maxcontext_topdown,parse_failure_bm25_fallback,0.0,average_per_query
ministral-3-3b-instruct-2512,beir-fiqa,maxcontext_topdown,retries_fired,0.0,total
ministral-3-3b-instruct-2512,beir-fiqa,maxcontext_dualend,parse_fallbacks,0.009259259259259259,average_per_query
ministral-3-3b-instruct-2512,beir-fiqa,maxcontext_dualend,strict_parse_fallbacks,0.004629629629629629,average_per_query
ministral-3-3b-instruct-2512,beir-fiqa,maxcontext_dualend,unparseable_after_exhaustion_fallbacks,0.0,average_per_query
ministral-3-3b-instruct-2512,beir-fiqa,maxcontext_dualend,bm25_bypasses,,average_per_query
ministral-3-3b-instruct-2512,beir-fiqa,maxcontext_dualend,parse_failure_bm25_fallback,0.0,average_per_query
ministral-3-3b-instruct-2512,beir-fiqa,maxcontext_dualend,retries_fired,27.0,total
ministral-3-3b-instruct-2512,beir-dbpedia,maxcontext_topdown,parse_fallbacks,0.505,average_per_query
ministral-3-3b-instruct-2512,beir-dbpedia,maxcontext_topdown,strict_parse_fallbacks,0.0,average_per_query
ministral-3-3b-instruct-2512,beir-dbpedia,maxcontext_topdown,unparseable_after_exhaustion_fallbacks,0.0,average_per_query
ministral-3-3b-instruct-2512,beir-dbpedia,maxcontext_topdown,bm25_bypasses,1.0,average_per_query
ministral-3-3b-instruct-2512,beir-dbpedia,maxcontext_topdown,parse_failure_bm25_fallback,0.0,average_per_query
ministral-3-3b-instruct-2512,beir-dbpedia,maxcontext_topdown,retries_fired,0.0,total
ministral-3-3b-instruct-2512,beir-dbpedia,maxcontext_dualend,parse_fallbacks,0.03,average_per_query
ministral-3-3b-instruct-2512,beir-dbpedia,maxcontext_dualend,strict_parse_fallbacks,0.4075,average_per_query
ministral-3-3b-instruct-2512,beir-dbpedia,maxcontext_dualend,unparseable_after_exhaustion_fallbacks,0.0,average_per_query
ministral-3-3b-instruct-2512,beir-dbpedia,maxcontext_dualend,bm25_bypasses,,average_per_query
ministral-3-3b-instruct-2512,beir-dbpedia,maxcontext_dualend,parse_failure_bm25_fallback,0.0,average_per_query
ministral-3-3b-instruct-2512,beir-dbpedia,maxcontext_dualend,retries_fired,504.0,total
ministral-3-3b-instruct-2512,beir-trec-covid,maxcontext_topdown,parse_fallbacks,0.0,average_per_query
ministral-3-3b-instruct-2512,beir-trec-covid,maxcontext_topdown,strict_parse_fallbacks,0.0,average_per_query
ministral-3-3b-instruct-2512,beir-trec-covid,maxcontext_topdown,unparseable_after_exhaustion_fallbacks,0.0,average_per_query
ministral-3-3b-instruct-2512,beir-trec-covid,maxcontext_topdown,bm25_bypasses,1.0,average_per_query
ministral-3-3b-instruct-2512,beir-trec-covid,maxcontext_topdown,parse_failure_bm25_fallback,0.0,average_per_query
ministral-3-3b-instruct-2512,beir-trec-covid,maxcontext_topdown,retries_fired,0.0,total
ministral-3-3b-instruct-2512,beir-trec-covid,maxcontext_dualend,parse_fallbacks,0.0,average_per_query
ministral-3-3b-instruct-2512,beir-trec-covid,maxcontext_dualend,strict_parse_fallbacks,0.02,average_per_query
ministral-3-3b-instruct-2512,beir-trec-covid,maxcontext_dualend,unparseable_after_exhaustion_fallbacks,0.0,average_per_query
ministral-3-3b-instruct-2512,beir-trec-covid,maxcontext_dualend,bm25_bypasses,,average_per_query
ministral-3-3b-instruct-2512,beir-trec-covid,maxcontext_dualend,parse_failure_bm25_fallback,0.0,average_per_query
ministral-3-3b-instruct-2512,beir-trec-covid,maxcontext_dualend,retries_fired,3.0,total
ministral-3-3b-instruct-2512,beir-scifact,maxcontext_topdown,parse_fallbacks,0.0,average_per_query
ministral-3-3b-instruct-2512,beir-scifact,maxcontext_topdown,strict_parse_fallbacks,0.0,average_per_query
ministral-3-3b-instruct-2512,beir-scifact,maxcontext_topdown,unparseable_after_exhaustion_fallbacks,0.0,average_per_query
ministral-3-3b-instruct-2512,beir-scifact,maxcontext_topdown,bm25_bypasses,1.0,average_per_query
ministral-3-3b-instruct-2512,beir-scifact,maxcontext_topdown,parse_failure_bm25_fallback,0.0,average_per_query
ministral-3-3b-instruct-2512,beir-scifact,maxcontext_topdown,retries_fired,0.0,total
ministral-3-3b-instruct-2512,beir-scifact,maxcontext_dualend,parse_fallbacks,0.0,average_per_query
ministral-3-3b-instruct-2512,beir-scifact,maxcontext_dualend,strict_parse_fallbacks,0.0,average_per_query
ministral-3-3b-instruct-2512,beir-scifact,maxcontext_dualend,unparseable_after_exhaustion_fallbacks,0.0,average_per_query
ministral-3-3b-instruct-2512,beir-scifact,maxcontext_dualend,bm25_bypasses,,average_per_query
ministral-3-3b-instruct-2512,beir-scifact,maxcontext_dualend,parse_failure_bm25_fallback,0.0,average_per_query
ministral-3-3b-instruct-2512,beir-scifact,maxcontext_dualend,retries_fired,0.0,total
ministral-3-8b-instruct-2512,beir-nfcorpus,maxcontext_topdown,parse_fallbacks,0.012987012987012988,average_per_query
ministral-3-8b-instruct-2512,beir-nfcorpus,maxcontext_topdown,strict_parse_fallbacks,0.0,average_per_query
ministral-3-8b-instruct-2512,beir-nfcorpus,maxcontext_topdown,unparseable_after_exhaustion_fallbacks,0.0,average_per_query
ministral-3-8b-instruct-2512,beir-nfcorpus,maxcontext_topdown,bm25_bypasses,0.9577922077922078,average_per_query
ministral-3-8b-instruct-2512,beir-nfcorpus,maxcontext_topdown,parse_failure_bm25_fallback,0.0,average_per_query
ministral-3-8b-instruct-2512,beir-nfcorpus,maxcontext_topdown,retries_fired,0.0,total
ministral-3-8b-instruct-2512,beir-nfcorpus,maxcontext_dualend,parse_fallbacks,0.006493506493506494,average_per_query
ministral-3-8b-instruct-2512,beir-nfcorpus,maxcontext_dualend,strict_parse_fallbacks,0.0,average_per_query
ministral-3-8b-instruct-2512,beir-nfcorpus,maxcontext_dualend,unparseable_after_exhaustion_fallbacks,0.0,average_per_query
ministral-3-8b-instruct-2512,beir-nfcorpus,maxcontext_dualend,bm25_bypasses,,average_per_query
ministral-3-8b-instruct-2512,beir-nfcorpus,maxcontext_dualend,parse_failure_bm25_fallback,0.0,average_per_query
ministral-3-8b-instruct-2512,beir-nfcorpus,maxcontext_dualend,retries_fired,6.0,total
ministral-3-8b-instruct-2512,beir-touche2020,maxcontext_topdown,parse_fallbacks,0.0,average_per_query
ministral-3-8b-instruct-2512,beir-touche2020,maxcontext_topdown,strict_parse_fallbacks,0.0,average_per_query
ministral-3-8b-instruct-2512,beir-touche2020,maxcontext_topdown,unparseable_after_exhaustion_fallbacks,0.0,average_per_query
ministral-3-8b-instruct-2512,beir-touche2020,maxcontext_topdown,bm25_bypasses,1.0,average_per_query
ministral-3-8b-instruct-2512,beir-touche2020,maxcontext_topdown,parse_failure_bm25_fallback,0.0,average_per_query
ministral-3-8b-instruct-2512,beir-touche2020,maxcontext_topdown,retries_fired,0.0,total
ministral-3-8b-instruct-2512,beir-touche2020,maxcontext_dualend,parse_fallbacks,0.0,average_per_query
ministral-3-8b-instruct-2512,beir-touche2020,maxcontext_dualend,strict_parse_fallbacks,0.0,average_per_query
ministral-3-8b-instruct-2512,beir-touche2020,maxcontext_dualend,unparseable_after_exhaustion_fallbacks,0.0,average_per_query
ministral-3-8b-instruct-2512,beir-touche2020,maxcontext_dualend,bm25_bypasses,,average_per_query
ministral-3-8b-instruct-2512,beir-touche2020,maxcontext_dualend,parse_failure_bm25_fallback,0.0,average_per_query
ministral-3-8b-instruct-2512,beir-touche2020,maxcontext_dualend,retries_fired,0.0,total
ministral-3-8b-instruct-2512,beir-fiqa,maxcontext_topdown,parse_fallbacks,0.043209876543209874,average_per_query
ministral-3-8b-instruct-2512,beir-fiqa,maxcontext_topdown,strict_parse_fallbacks,0.0,average_per_query
ministral-3-8b-instruct-2512,beir-fiqa,maxcontext_topdown,unparseable_after_exhaustion_fallbacks,0.0,average_per_query
ministral-3-8b-instruct-2512,beir-fiqa,maxcontext_topdown,bm25_bypasses,1.0,average_per_query
ministral-3-8b-instruct-2512,beir-fiqa,maxcontext_topdown,parse_failure_bm25_fallback,0.0,average_per_query
ministral-3-8b-instruct-2512,beir-fiqa,maxcontext_topdown,retries_fired,0.0,total
ministral-3-8b-instruct-2512,beir-fiqa,maxcontext_dualend,parse_fallbacks,0.0,average_per_query
ministral-3-8b-instruct-2512,beir-fiqa,maxcontext_dualend,strict_parse_fallbacks,0.0015432098765432098,average_per_query
ministral-3-8b-instruct-2512,beir-fiqa,maxcontext_dualend,unparseable_after_exhaustion_fallbacks,0.0,average_per_query
ministral-3-8b-instruct-2512,beir-fiqa,maxcontext_dualend,bm25_bypasses,,average_per_query
ministral-3-8b-instruct-2512,beir-fiqa,maxcontext_dualend,parse_failure_bm25_fallback,0.0,average_per_query
ministral-3-8b-instruct-2512,beir-fiqa,maxcontext_dualend,retries_fired,0.0,total
ministral-3-8b-instruct-2512,beir-dbpedia,maxcontext_topdown,parse_fallbacks,0.91,average_per_query
ministral-3-8b-instruct-2512,beir-dbpedia,maxcontext_topdown,strict_parse_fallbacks,0.0025,average_per_query
ministral-3-8b-instruct-2512,beir-dbpedia,maxcontext_topdown,unparseable_after_exhaustion_fallbacks,0.0025,average_per_query
ministral-3-8b-instruct-2512,beir-dbpedia,maxcontext_topdown,bm25_bypasses,1.0,average_per_query
ministral-3-8b-instruct-2512,beir-dbpedia,maxcontext_topdown,parse_failure_bm25_fallback,0.0,average_per_query
ministral-3-8b-instruct-2512,beir-dbpedia,maxcontext_topdown,retries_fired,6.0,total
ministral-3-8b-instruct-2512,beir-dbpedia,maxcontext_dualend,parse_fallbacks,0.0725,average_per_query
ministral-3-8b-instruct-2512,beir-dbpedia,maxcontext_dualend,strict_parse_fallbacks,0.1425,average_per_query
ministral-3-8b-instruct-2512,beir-dbpedia,maxcontext_dualend,unparseable_after_exhaustion_fallbacks,0.0025,average_per_query
ministral-3-8b-instruct-2512,beir-dbpedia,maxcontext_dualend,bm25_bypasses,,average_per_query
ministral-3-8b-instruct-2512,beir-dbpedia,maxcontext_dualend,parse_failure_bm25_fallback,0.0,average_per_query
ministral-3-8b-instruct-2512,beir-dbpedia,maxcontext_dualend,retries_fired,90.0,total
ministral-3-8b-instruct-2512,beir-trec-covid,maxcontext_topdown,parse_fallbacks,0.1,average_per_query
ministral-3-8b-instruct-2512,beir-trec-covid,maxcontext_topdown,strict_parse_fallbacks,0.0,average_per_query
ministral-3-8b-instruct-2512,beir-trec-covid,maxcontext_topdown,unparseable_after_exhaustion_fallbacks,0.0,average_per_query
ministral-3-8b-instruct-2512,beir-trec-covid,maxcontext_topdown,bm25_bypasses,1.0,average_per_query
ministral-3-8b-instruct-2512,beir-trec-covid,maxcontext_topdown,parse_failure_bm25_fallback,0.0,average_per_query
ministral-3-8b-instruct-2512,beir-trec-covid,maxcontext_topdown,retries_fired,0.0,total
ministral-3-8b-instruct-2512,beir-trec-covid,maxcontext_dualend,parse_fallbacks,0.0,average_per_query
ministral-3-8b-instruct-2512,beir-trec-covid,maxcontext_dualend,strict_parse_fallbacks,0.0,average_per_query
ministral-3-8b-instruct-2512,beir-trec-covid,maxcontext_dualend,unparseable_after_exhaustion_fallbacks,0.0,average_per_query
ministral-3-8b-instruct-2512,beir-trec-covid,maxcontext_dualend,bm25_bypasses,,average_per_query
ministral-3-8b-instruct-2512,beir-trec-covid,maxcontext_dualend,parse_failure_bm25_fallback,0.0,average_per_query
ministral-3-8b-instruct-2512,beir-trec-covid,maxcontext_dualend,retries_fired,0.0,total
ministral-3-8b-instruct-2512,beir-scifact,maxcontext_topdown,parse_fallbacks,0.013333333333333334,average_per_query
ministral-3-8b-instruct-2512,beir-scifact,maxcontext_topdown,strict_parse_fallbacks,0.0,average_per_query
ministral-3-8b-instruct-2512,beir-scifact,maxcontext_topdown,unparseable_after_exhaustion_fallbacks,0.0033333333333333335,average_per_query
ministral-3-8b-instruct-2512,beir-scifact,maxcontext_topdown,bm25_bypasses,1.0,average_per_query
ministral-3-8b-instruct-2512,beir-scifact,maxcontext_topdown,parse_failure_bm25_fallback,0.0,average_per_query
ministral-3-8b-instruct-2512,beir-scifact,maxcontext_topdown,retries_fired,3.0,total
ministral-3-8b-instruct-2512,beir-scifact,maxcontext_dualend,parse_fallbacks,0.0033333333333333335,average_per_query
ministral-3-8b-instruct-2512,beir-scifact,maxcontext_dualend,strict_parse_fallbacks,0.0,average_per_query
ministral-3-8b-instruct-2512,beir-scifact,maxcontext_dualend,unparseable_after_exhaustion_fallbacks,0.0,average_per_query
ministral-3-8b-instruct-2512,beir-scifact,maxcontext_dualend,bm25_bypasses,,average_per_query
ministral-3-8b-instruct-2512,beir-scifact,maxcontext_dualend,parse_failure_bm25_fallback,0.0,average_per_query
ministral-3-8b-instruct-2512,beir-scifact,maxcontext_dualend,retries_fired,3.0,total
qwen3-5-0-8b,beir-nfcorpus,maxcontext_topdown,parse_fallbacks,0.0,average_per_query
qwen3-5-0-8b,beir-nfcorpus,maxcontext_topdown,strict_parse_fallbacks,0.0,average_per_query
qwen3-5-0-8b,beir-nfcorpus,maxcontext_topdown,unparseable_after_exhaustion_fallbacks,0.0,average_per_query
qwen3-5-0-8b,beir-nfcorpus,maxcontext_topdown,bm25_bypasses,0.9577922077922078,average_per_query
qwen3-5-0-8b,beir-nfcorpus,maxcontext_topdown,parse_failure_bm25_fallback,0.0,average_per_query
qwen3-5-0-8b,beir-nfcorpus,maxcontext_topdown,retries_fired,0.0,total
qwen3-5-0-8b,beir-nfcorpus,maxcontext_dualend,parse_fallbacks,0.0,average_per_query
qwen3-5-0-8b,beir-nfcorpus,maxcontext_dualend,strict_parse_fallbacks,0.0,average_per_query
qwen3-5-0-8b,beir-nfcorpus,maxcontext_dualend,unparseable_after_exhaustion_fallbacks,0.0,average_per_query
qwen3-5-0-8b,beir-nfcorpus,maxcontext_dualend,bm25_bypasses,,average_per_query
qwen3-5-0-8b,beir-nfcorpus,maxcontext_dualend,parse_failure_bm25_fallback,0.0,average_per_query
qwen3-5-0-8b,beir-nfcorpus,maxcontext_dualend,retries_fired,0.0,total
qwen3-5-0-8b,beir-touche2020,maxcontext_topdown,parse_fallbacks,0.0,average_per_query
qwen3-5-0-8b,beir-touche2020,maxcontext_topdown,strict_parse_fallbacks,0.0,average_per_query
qwen3-5-0-8b,beir-touche2020,maxcontext_topdown,unparseable_after_exhaustion_fallbacks,0.0,average_per_query
qwen3-5-0-8b,beir-touche2020,maxcontext_topdown,bm25_bypasses,1.0,average_per_query
qwen3-5-0-8b,beir-touche2020,maxcontext_topdown,parse_failure_bm25_fallback,0.0,average_per_query
qwen3-5-0-8b,beir-touche2020,maxcontext_topdown,retries_fired,0.0,total
qwen3-5-0-8b,beir-touche2020,maxcontext_dualend,parse_fallbacks,0.30612244897959184,average_per_query
qwen3-5-0-8b,beir-touche2020,maxcontext_dualend,strict_parse_fallbacks,0.0,average_per_query
qwen3-5-0-8b,beir-touche2020,maxcontext_dualend,unparseable_after_exhaustion_fallbacks,0.0,average_per_query
qwen3-5-0-8b,beir-touche2020,maxcontext_dualend,bm25_bypasses,,average_per_query
qwen3-5-0-8b,beir-touche2020,maxcontext_dualend,parse_failure_bm25_fallback,0.0,average_per_query
qwen3-5-0-8b,beir-touche2020,maxcontext_dualend,retries_fired,45.0,total
qwen3-5-0-8b,beir-fiqa,maxcontext_topdown,parse_fallbacks,0.0,average_per_query
qwen3-5-0-8b,beir-fiqa,maxcontext_topdown,strict_parse_fallbacks,0.0015432098765432098,average_per_query
qwen3-5-0-8b,beir-fiqa,maxcontext_topdown,unparseable_after_exhaustion_fallbacks,0.0,average_per_query
qwen3-5-0-8b,beir-fiqa,maxcontext_topdown,bm25_bypasses,1.0,average_per_query
qwen3-5-0-8b,beir-fiqa,maxcontext_topdown,parse_failure_bm25_fallback,0.0,average_per_query
qwen3-5-0-8b,beir-fiqa,maxcontext_topdown,retries_fired,3.0,total
qwen3-5-0-8b,beir-fiqa,maxcontext_dualend,parse_fallbacks,0.007716049382716049,average_per_query
qwen3-5-0-8b,beir-fiqa,maxcontext_dualend,strict_parse_fallbacks,0.0,average_per_query
qwen3-5-0-8b,beir-fiqa,maxcontext_dualend,unparseable_after_exhaustion_fallbacks,0.0,average_per_query
qwen3-5-0-8b,beir-fiqa,maxcontext_dualend,bm25_bypasses,,average_per_query
qwen3-5-0-8b,beir-fiqa,maxcontext_dualend,parse_failure_bm25_fallback,0.0,average_per_query
qwen3-5-0-8b,beir-fiqa,maxcontext_dualend,retries_fired,15.0,total
qwen3-5-0-8b,beir-dbpedia,maxcontext_topdown,parse_fallbacks,0.0,average_per_query
qwen3-5-0-8b,beir-dbpedia,maxcontext_topdown,strict_parse_fallbacks,0.01,average_per_query
qwen3-5-0-8b,beir-dbpedia,maxcontext_topdown,unparseable_after_exhaustion_fallbacks,0.0,average_per_query
qwen3-5-0-8b,beir-dbpedia,maxcontext_topdown,bm25_bypasses,1.0,average_per_query
qwen3-5-0-8b,beir-dbpedia,maxcontext_topdown,parse_failure_bm25_fallback,0.0,average_per_query
qwen3-5-0-8b,beir-dbpedia,maxcontext_topdown,retries_fired,12.0,total
qwen3-5-0-8b,beir-dbpedia,maxcontext_dualend,parse_fallbacks,0.0,average_per_query
qwen3-5-0-8b,beir-dbpedia,maxcontext_dualend,strict_parse_fallbacks,0.0,average_per_query
qwen3-5-0-8b,beir-dbpedia,maxcontext_dualend,unparseable_after_exhaustion_fallbacks,0.0,average_per_query
qwen3-5-0-8b,beir-dbpedia,maxcontext_dualend,bm25_bypasses,,average_per_query
qwen3-5-0-8b,beir-dbpedia,maxcontext_dualend,parse_failure_bm25_fallback,0.0,average_per_query
qwen3-5-0-8b,beir-dbpedia,maxcontext_dualend,retries_fired,0.0,total
qwen3-5-0-8b,beir-trec-covid,maxcontext_topdown,parse_fallbacks,0.0,average_per_query
qwen3-5-0-8b,beir-trec-covid,maxcontext_topdown,strict_parse_fallbacks,0.0,average_per_query
qwen3-5-0-8b,beir-trec-covid,maxcontext_topdown,unparseable_after_exhaustion_fallbacks,0.0,average_per_query
qwen3-5-0-8b,beir-trec-covid,maxcontext_topdown,bm25_bypasses,1.0,average_per_query
qwen3-5-0-8b,beir-trec-covid,maxcontext_topdown,parse_failure_bm25_fallback,0.0,average_per_query
qwen3-5-0-8b,beir-trec-covid,maxcontext_topdown,retries_fired,0.0,total
qwen3-5-0-8b,beir-trec-covid,maxcontext_dualend,parse_fallbacks,0.02,average_per_query
qwen3-5-0-8b,beir-trec-covid,maxcontext_dualend,strict_parse_fallbacks,0.0,average_per_query
qwen3-5-0-8b,beir-trec-covid,maxcontext_dualend,unparseable_after_exhaustion_fallbacks,0.0,average_per_query
qwen3-5-0-8b,beir-trec-covid,maxcontext_dualend,bm25_bypasses,,average_per_query
qwen3-5-0-8b,beir-trec-covid,maxcontext_dualend,parse_failure_bm25_fallback,0.0,average_per_query
qwen3-5-0-8b,beir-trec-covid,maxcontext_dualend,retries_fired,3.0,total
qwen3-5-0-8b,beir-scifact,maxcontext_topdown,parse_fallbacks,0.0,average_per_query
qwen3-5-0-8b,beir-scifact,maxcontext_topdown,strict_parse_fallbacks,0.0,average_per_query
qwen3-5-0-8b,beir-scifact,maxcontext_topdown,unparseable_after_exhaustion_fallbacks,0.0,average_per_query
qwen3-5-0-8b,beir-scifact,maxcontext_topdown,bm25_bypasses,1.0,average_per_query
qwen3-5-0-8b,beir-scifact,maxcontext_topdown,parse_failure_bm25_fallback,0.0,average_per_query
qwen3-5-0-8b,beir-scifact,maxcontext_topdown,retries_fired,0.0,total
qwen3-5-0-8b,beir-scifact,maxcontext_dualend,parse_fallbacks,0.0,average_per_query
qwen3-5-0-8b,beir-scifact,maxcontext_dualend,strict_parse_fallbacks,0.0,average_per_query
qwen3-5-0-8b,beir-scifact,maxcontext_dualend,unparseable_after_exhaustion_fallbacks,0.0,average_per_query
qwen3-5-0-8b,beir-scifact,maxcontext_dualend,bm25_bypasses,,average_per_query
qwen3-5-0-8b,beir-scifact,maxcontext_dualend,parse_failure_bm25_fallback,0.0,average_per_query
qwen3-5-0-8b,beir-scifact,maxcontext_dualend,retries_fired,0.0,total
qwen3-5-27b,beir-nfcorpus,maxcontext_topdown,parse_fallbacks,0.0,average_per_query
qwen3-5-27b,beir-nfcorpus,maxcontext_topdown,strict_parse_fallbacks,0.0,average_per_query
qwen3-5-27b,beir-nfcorpus,maxcontext_topdown,unparseable_after_exhaustion_fallbacks,0.0,average_per_query
qwen3-5-27b,beir-nfcorpus,maxcontext_topdown,bm25_bypasses,0.9577922077922078,average_per_query
qwen3-5-27b,beir-nfcorpus,maxcontext_topdown,parse_failure_bm25_fallback,0.0,average_per_query
qwen3-5-27b,beir-nfcorpus,maxcontext_topdown,retries_fired,0.0,total
qwen3-5-27b,beir-nfcorpus,maxcontext_dualend,parse_fallbacks,0.1266233766233766,average_per_query
qwen3-5-27b,beir-nfcorpus,maxcontext_dualend,strict_parse_fallbacks,0.0,average_per_query
qwen3-5-27b,beir-nfcorpus,maxcontext_dualend,unparseable_after_exhaustion_fallbacks,0.0,average_per_query
qwen3-5-27b,beir-nfcorpus,maxcontext_dualend,bm25_bypasses,,average_per_query
qwen3-5-27b,beir-nfcorpus,maxcontext_dualend,parse_failure_bm25_fallback,0.0,average_per_query
qwen3-5-27b,beir-nfcorpus,maxcontext_dualend,retries_fired,117.0,total
qwen3-5-27b,beir-touche2020,maxcontext_topdown,parse_fallbacks,0.0,average_per_query
qwen3-5-27b,beir-touche2020,maxcontext_topdown,strict_parse_fallbacks,0.0,average_per_query
qwen3-5-27b,beir-touche2020,maxcontext_topdown,unparseable_after_exhaustion_fallbacks,0.0,average_per_query
qwen3-5-27b,beir-touche2020,maxcontext_topdown,bm25_bypasses,1.0,average_per_query
qwen3-5-27b,beir-touche2020,maxcontext_topdown,parse_failure_bm25_fallback,0.0,average_per_query
qwen3-5-27b,beir-touche2020,maxcontext_topdown,retries_fired,0.0,total
qwen3-5-27b,beir-touche2020,maxcontext_dualend,parse_fallbacks,0.02040816326530612,average_per_query
qwen3-5-27b,beir-touche2020,maxcontext_dualend,strict_parse_fallbacks,0.0,average_per_query
qwen3-5-27b,beir-touche2020,maxcontext_dualend,unparseable_after_exhaustion_fallbacks,0.0,average_per_query
qwen3-5-27b,beir-touche2020,maxcontext_dualend,bm25_bypasses,,average_per_query
qwen3-5-27b,beir-touche2020,maxcontext_dualend,parse_failure_bm25_fallback,0.0,average_per_query
qwen3-5-27b,beir-touche2020,maxcontext_dualend,retries_fired,3.0,total
qwen3-5-27b,beir-fiqa,maxcontext_topdown,parse_fallbacks,0.020061728395061727,average_per_query
qwen3-5-27b,beir-fiqa,maxcontext_topdown,strict_parse_fallbacks,0.0,average_per_query
qwen3-5-27b,beir-fiqa,maxcontext_topdown,unparseable_after_exhaustion_fallbacks,0.015432098765432098,average_per_query
qwen3-5-27b,beir-fiqa,maxcontext_topdown,bm25_bypasses,1.0,average_per_query
qwen3-5-27b,beir-fiqa,maxcontext_topdown,parse_failure_bm25_fallback,0.0,average_per_query
qwen3-5-27b,beir-fiqa,maxcontext_topdown,retries_fired,30.0,total
qwen3-5-27b,beir-fiqa,maxcontext_dualend,parse_fallbacks,0.0030864197530864196,average_per_query
qwen3-5-27b,beir-fiqa,maxcontext_dualend,strict_parse_fallbacks,0.0,average_per_query
qwen3-5-27b,beir-fiqa,maxcontext_dualend,unparseable_after_exhaustion_fallbacks,0.0,average_per_query
qwen3-5-27b,beir-fiqa,maxcontext_dualend,bm25_bypasses,,average_per_query
qwen3-5-27b,beir-fiqa,maxcontext_dualend,parse_failure_bm25_fallback,0.0,average_per_query
qwen3-5-27b,beir-fiqa,maxcontext_dualend,retries_fired,6.0,total
qwen3-5-27b,beir-dbpedia,maxcontext_topdown,parse_fallbacks,0.0725,average_per_query
qwen3-5-27b,beir-dbpedia,maxcontext_topdown,strict_parse_fallbacks,0.0,average_per_query
qwen3-5-27b,beir-dbpedia,maxcontext_topdown,unparseable_after_exhaustion_fallbacks,0.0,average_per_query
qwen3-5-27b,beir-dbpedia,maxcontext_topdown,bm25_bypasses,1.0,average_per_query
qwen3-5-27b,beir-dbpedia,maxcontext_topdown,parse_failure_bm25_fallback,0.0,average_per_query
qwen3-5-27b,beir-dbpedia,maxcontext_topdown,retries_fired,0.0,total
qwen3-5-27b,beir-dbpedia,maxcontext_dualend,parse_fallbacks,0.8025,average_per_query
qwen3-5-27b,beir-dbpedia,maxcontext_dualend,strict_parse_fallbacks,0.0,average_per_query
qwen3-5-27b,beir-dbpedia,maxcontext_dualend,unparseable_after_exhaustion_fallbacks,0.0,average_per_query
qwen3-5-27b,beir-dbpedia,maxcontext_dualend,bm25_bypasses,,average_per_query
qwen3-5-27b,beir-dbpedia,maxcontext_dualend,parse_failure_bm25_fallback,0.0,average_per_query
qwen3-5-27b,beir-dbpedia,maxcontext_dualend,retries_fired,963.0,total
qwen3-5-27b,beir-trec-covid,maxcontext_topdown,parse_fallbacks,0.02,average_per_query
qwen3-5-27b,beir-trec-covid,maxcontext_topdown,strict_parse_fallbacks,0.0,average_per_query
qwen3-5-27b,beir-trec-covid,maxcontext_topdown,unparseable_after_exhaustion_fallbacks,0.0,average_per_query
qwen3-5-27b,beir-trec-covid,maxcontext_topdown,bm25_bypasses,1.0,average_per_query
qwen3-5-27b,beir-trec-covid,maxcontext_topdown,parse_failure_bm25_fallback,0.0,average_per_query
qwen3-5-27b,beir-trec-covid,maxcontext_topdown,retries_fired,0.0,total
qwen3-5-27b,beir-trec-covid,maxcontext_dualend,parse_fallbacks,0.08,average_per_query
qwen3-5-27b,beir-trec-covid,maxcontext_dualend,strict_parse_fallbacks,0.0,average_per_query
qwen3-5-27b,beir-trec-covid,maxcontext_dualend,unparseable_after_exhaustion_fallbacks,0.0,average_per_query
qwen3-5-27b,beir-trec-covid,maxcontext_dualend,bm25_bypasses,,average_per_query
qwen3-5-27b,beir-trec-covid,maxcontext_dualend,parse_failure_bm25_fallback,0.0,average_per_query
qwen3-5-27b,beir-trec-covid,maxcontext_dualend,retries_fired,12.0,total
qwen3-5-27b,beir-scifact,maxcontext_topdown,parse_fallbacks,0.42333333333333334,average_per_query
qwen3-5-27b,beir-scifact,maxcontext_topdown,strict_parse_fallbacks,0.0,average_per_query
qwen3-5-27b,beir-scifact,maxcontext_topdown,unparseable_after_exhaustion_fallbacks,0.0,average_per_query
qwen3-5-27b,beir-scifact,maxcontext_topdown,bm25_bypasses,1.0,average_per_query
qwen3-5-27b,beir-scifact,maxcontext_topdown,parse_failure_bm25_fallback,0.0,average_per_query
qwen3-5-27b,beir-scifact,maxcontext_topdown,retries_fired,0.0,total
qwen3-5-27b,beir-scifact,maxcontext_dualend,parse_fallbacks,0.16666666666666666,average_per_query
qwen3-5-27b,beir-scifact,maxcontext_dualend,strict_parse_fallbacks,0.0,average_per_query
qwen3-5-27b,beir-scifact,maxcontext_dualend,unparseable_after_exhaustion_fallbacks,0.0,average_per_query
qwen3-5-27b,beir-scifact,maxcontext_dualend,bm25_bypasses,,average_per_query
qwen3-5-27b,beir-scifact,maxcontext_dualend,parse_failure_bm25_fallback,0.0,average_per_query
qwen3-5-27b,beir-scifact,maxcontext_dualend,retries_fired,150.0,total
qwen3-5-2b,beir-nfcorpus,maxcontext_topdown,parse_fallbacks,0.0,average_per_query
qwen3-5-2b,beir-nfcorpus,maxcontext_topdown,strict_parse_fallbacks,0.0,average_per_query
qwen3-5-2b,beir-nfcorpus,maxcontext_topdown,unparseable_after_exhaustion_fallbacks,0.0,average_per_query
qwen3-5-2b,beir-nfcorpus,maxcontext_topdown,bm25_bypasses,0.9577922077922078,average_per_query
qwen3-5-2b,beir-nfcorpus,maxcontext_topdown,parse_failure_bm25_fallback,0.0,average_per_query
qwen3-5-2b,beir-nfcorpus,maxcontext_topdown,retries_fired,0.0,total
qwen3-5-2b,beir-nfcorpus,maxcontext_dualend,parse_fallbacks,0.0,average_per_query
qwen3-5-2b,beir-nfcorpus,maxcontext_dualend,strict_parse_fallbacks,0.0,average_per_query
qwen3-5-2b,beir-nfcorpus,maxcontext_dualend,unparseable_after_exhaustion_fallbacks,0.0,average_per_query
qwen3-5-2b,beir-nfcorpus,maxcontext_dualend,bm25_bypasses,,average_per_query
qwen3-5-2b,beir-nfcorpus,maxcontext_dualend,parse_failure_bm25_fallback,0.0,average_per_query
qwen3-5-2b,beir-nfcorpus,maxcontext_dualend,retries_fired,0.0,total
qwen3-5-2b,beir-touche2020,maxcontext_topdown,parse_fallbacks,0.0,average_per_query
qwen3-5-2b,beir-touche2020,maxcontext_topdown,strict_parse_fallbacks,0.0,average_per_query
qwen3-5-2b,beir-touche2020,maxcontext_topdown,unparseable_after_exhaustion_fallbacks,0.0,average_per_query
qwen3-5-2b,beir-touche2020,maxcontext_topdown,bm25_bypasses,1.0,average_per_query
qwen3-5-2b,beir-touche2020,maxcontext_topdown,parse_failure_bm25_fallback,0.0,average_per_query
qwen3-5-2b,beir-touche2020,maxcontext_topdown,retries_fired,0.0,total
qwen3-5-2b,beir-touche2020,maxcontext_dualend,parse_fallbacks,0.32653061224489793,average_per_query
qwen3-5-2b,beir-touche2020,maxcontext_dualend,strict_parse_fallbacks,0.0,average_per_query
qwen3-5-2b,beir-touche2020,maxcontext_dualend,unparseable_after_exhaustion_fallbacks,0.0,average_per_query
qwen3-5-2b,beir-touche2020,maxcontext_dualend,bm25_bypasses,,average_per_query
qwen3-5-2b,beir-touche2020,maxcontext_dualend,parse_failure_bm25_fallback,0.0,average_per_query
qwen3-5-2b,beir-touche2020,maxcontext_dualend,retries_fired,48.0,total
qwen3-5-2b,beir-fiqa,maxcontext_topdown,parse_fallbacks,0.0,average_per_query
qwen3-5-2b,beir-fiqa,maxcontext_topdown,strict_parse_fallbacks,0.018518518518518517,average_per_query
qwen3-5-2b,beir-fiqa,maxcontext_topdown,unparseable_after_exhaustion_fallbacks,0.0,average_per_query
qwen3-5-2b,beir-fiqa,maxcontext_topdown,bm25_bypasses,1.0,average_per_query
qwen3-5-2b,beir-fiqa,maxcontext_topdown,parse_failure_bm25_fallback,0.0,average_per_query
qwen3-5-2b,beir-fiqa,maxcontext_topdown,retries_fired,36.0,total
qwen3-5-2b,beir-fiqa,maxcontext_dualend,parse_fallbacks,0.08641975308641975,average_per_query
qwen3-5-2b,beir-fiqa,maxcontext_dualend,strict_parse_fallbacks,0.0,average_per_query
qwen3-5-2b,beir-fiqa,maxcontext_dualend,unparseable_after_exhaustion_fallbacks,0.0,average_per_query
qwen3-5-2b,beir-fiqa,maxcontext_dualend,bm25_bypasses,,average_per_query
qwen3-5-2b,beir-fiqa,maxcontext_dualend,parse_failure_bm25_fallback,0.0,average_per_query
qwen3-5-2b,beir-fiqa,maxcontext_dualend,retries_fired,168.0,total
qwen3-5-2b,beir-dbpedia,maxcontext_topdown,parse_fallbacks,0.0,average_per_query
qwen3-5-2b,beir-dbpedia,maxcontext_topdown,strict_parse_fallbacks,0.0075,average_per_query
qwen3-5-2b,beir-dbpedia,maxcontext_topdown,unparseable_after_exhaustion_fallbacks,0.0,average_per_query
qwen3-5-2b,beir-dbpedia,maxcontext_topdown,bm25_bypasses,1.0,average_per_query
qwen3-5-2b,beir-dbpedia,maxcontext_topdown,parse_failure_bm25_fallback,0.0,average_per_query
qwen3-5-2b,beir-dbpedia,maxcontext_topdown,retries_fired,9.0,total
qwen3-5-2b,beir-dbpedia,maxcontext_dualend,parse_fallbacks,0.035,average_per_query
qwen3-5-2b,beir-dbpedia,maxcontext_dualend,strict_parse_fallbacks,0.0,average_per_query
qwen3-5-2b,beir-dbpedia,maxcontext_dualend,unparseable_after_exhaustion_fallbacks,0.0,average_per_query
qwen3-5-2b,beir-dbpedia,maxcontext_dualend,bm25_bypasses,,average_per_query
qwen3-5-2b,beir-dbpedia,maxcontext_dualend,parse_failure_bm25_fallback,0.0,average_per_query
qwen3-5-2b,beir-dbpedia,maxcontext_dualend,retries_fired,42.0,total
qwen3-5-2b,beir-trec-covid,maxcontext_topdown,parse_fallbacks,0.0,average_per_query
qwen3-5-2b,beir-trec-covid,maxcontext_topdown,strict_parse_fallbacks,0.0,average_per_query
qwen3-5-2b,beir-trec-covid,maxcontext_topdown,unparseable_after_exhaustion_fallbacks,0.0,average_per_query
qwen3-5-2b,beir-trec-covid,maxcontext_topdown,bm25_bypasses,1.0,average_per_query
qwen3-5-2b,beir-trec-covid,maxcontext_topdown,parse_failure_bm25_fallback,0.0,average_per_query
qwen3-5-2b,beir-trec-covid,maxcontext_topdown,retries_fired,0.0,total
qwen3-5-2b,beir-trec-covid,maxcontext_dualend,parse_fallbacks,0.04,average_per_query
qwen3-5-2b,beir-trec-covid,maxcontext_dualend,strict_parse_fallbacks,0.0,average_per_query
qwen3-5-2b,beir-trec-covid,maxcontext_dualend,unparseable_after_exhaustion_fallbacks,0.0,average_per_query
qwen3-5-2b,beir-trec-covid,maxcontext_dualend,bm25_bypasses,,average_per_query
qwen3-5-2b,beir-trec-covid,maxcontext_dualend,parse_failure_bm25_fallback,0.0,average_per_query
qwen3-5-2b,beir-trec-covid,maxcontext_dualend,retries_fired,6.0,total
qwen3-5-2b,beir-scifact,maxcontext_topdown,parse_fallbacks,0.0,average_per_query
qwen3-5-2b,beir-scifact,maxcontext_topdown,strict_parse_fallbacks,0.0,average_per_query
qwen3-5-2b,beir-scifact,maxcontext_topdown,unparseable_after_exhaustion_fallbacks,0.0,average_per_query
qwen3-5-2b,beir-scifact,maxcontext_topdown,bm25_bypasses,1.0,average_per_query
qwen3-5-2b,beir-scifact,maxcontext_topdown,parse_failure_bm25_fallback,0.0,average_per_query
qwen3-5-2b,beir-scifact,maxcontext_topdown,retries_fired,0.0,total
qwen3-5-2b,beir-scifact,maxcontext_dualend,parse_fallbacks,0.0,average_per_query
qwen3-5-2b,beir-scifact,maxcontext_dualend,strict_parse_fallbacks,0.0,average_per_query
qwen3-5-2b,beir-scifact,maxcontext_dualend,unparseable_after_exhaustion_fallbacks,0.0,average_per_query
qwen3-5-2b,beir-scifact,maxcontext_dualend,bm25_bypasses,,average_per_query
qwen3-5-2b,beir-scifact,maxcontext_dualend,parse_failure_bm25_fallback,0.0,average_per_query
qwen3-5-2b,beir-scifact,maxcontext_dualend,retries_fired,0.0,total
qwen3-5-4b,beir-nfcorpus,maxcontext_topdown,parse_fallbacks,0.9675324675324676,average_per_query
qwen3-5-4b,beir-nfcorpus,maxcontext_topdown,strict_parse_fallbacks,0.0,average_per_query
qwen3-5-4b,beir-nfcorpus,maxcontext_topdown,unparseable_after_exhaustion_fallbacks,0.12987012987012986,average_per_query
qwen3-5-4b,beir-nfcorpus,maxcontext_topdown,bm25_bypasses,0.9577922077922078,average_per_query
qwen3-5-4b,beir-nfcorpus,maxcontext_topdown,parse_failure_bm25_fallback,0.0,average_per_query
qwen3-5-4b,beir-nfcorpus,maxcontext_topdown,retries_fired,123.0,total
qwen3-5-4b,beir-nfcorpus,maxcontext_dualend,parse_fallbacks,0.012987012987012988,average_per_query
qwen3-5-4b,beir-nfcorpus,maxcontext_dualend,strict_parse_fallbacks,0.0,average_per_query
qwen3-5-4b,beir-nfcorpus,maxcontext_dualend,unparseable_after_exhaustion_fallbacks,0.0,average_per_query
qwen3-5-4b,beir-nfcorpus,maxcontext_dualend,bm25_bypasses,,average_per_query
qwen3-5-4b,beir-nfcorpus,maxcontext_dualend,parse_failure_bm25_fallback,0.0,average_per_query
qwen3-5-4b,beir-nfcorpus,maxcontext_dualend,retries_fired,12.0,total
qwen3-5-4b,beir-touche2020,maxcontext_topdown,parse_fallbacks,0.4897959183673469,average_per_query
qwen3-5-4b,beir-touche2020,maxcontext_topdown,strict_parse_fallbacks,0.14285714285714285,average_per_query
qwen3-5-4b,beir-touche2020,maxcontext_topdown,unparseable_after_exhaustion_fallbacks,0.46938775510204084,average_per_query
qwen3-5-4b,beir-touche2020,maxcontext_topdown,bm25_bypasses,1.0,average_per_query
qwen3-5-4b,beir-touche2020,maxcontext_topdown,parse_failure_bm25_fallback,0.0,average_per_query
qwen3-5-4b,beir-touche2020,maxcontext_topdown,retries_fired,90.0,total
qwen3-5-4b,beir-touche2020,maxcontext_dualend,parse_fallbacks,0.42857142857142855,average_per_query
qwen3-5-4b,beir-touche2020,maxcontext_dualend,strict_parse_fallbacks,0.0,average_per_query
qwen3-5-4b,beir-touche2020,maxcontext_dualend,unparseable_after_exhaustion_fallbacks,0.0,average_per_query
qwen3-5-4b,beir-touche2020,maxcontext_dualend,bm25_bypasses,,average_per_query
qwen3-5-4b,beir-touche2020,maxcontext_dualend,parse_failure_bm25_fallback,0.0,average_per_query
qwen3-5-4b,beir-touche2020,maxcontext_dualend,retries_fired,63.0,total
qwen3-5-4b,beir-fiqa,maxcontext_topdown,parse_fallbacks,0.3626543209876543,average_per_query
qwen3-5-4b,beir-fiqa,maxcontext_topdown,strict_parse_fallbacks,0.012345679012345678,average_per_query
qwen3-5-4b,beir-fiqa,maxcontext_topdown,unparseable_after_exhaustion_fallbacks,0.08024691358024691,average_per_query
qwen3-5-4b,beir-fiqa,maxcontext_topdown,bm25_bypasses,1.0,average_per_query
qwen3-5-4b,beir-fiqa,maxcontext_topdown,parse_failure_bm25_fallback,0.0,average_per_query
qwen3-5-4b,beir-fiqa,maxcontext_topdown,retries_fired,183.0,total
qwen3-5-4b,beir-fiqa,maxcontext_dualend,parse_fallbacks,0.021604938271604937,average_per_query
qwen3-5-4b,beir-fiqa,maxcontext_dualend,strict_parse_fallbacks,0.0,average_per_query
qwen3-5-4b,beir-fiqa,maxcontext_dualend,unparseable_after_exhaustion_fallbacks,0.0,average_per_query
qwen3-5-4b,beir-fiqa,maxcontext_dualend,bm25_bypasses,,average_per_query
qwen3-5-4b,beir-fiqa,maxcontext_dualend,parse_failure_bm25_fallback,0.0,average_per_query
qwen3-5-4b,beir-fiqa,maxcontext_dualend,retries_fired,42.0,total
qwen3-5-4b,beir-dbpedia,maxcontext_topdown,parse_fallbacks,5.0775,average_per_query
qwen3-5-4b,beir-dbpedia,maxcontext_topdown,strict_parse_fallbacks,0.3425,average_per_query
qwen3-5-4b,beir-dbpedia,maxcontext_topdown,unparseable_after_exhaustion_fallbacks,0.5925,average_per_query
qwen3-5-4b,beir-dbpedia,maxcontext_topdown,bm25_bypasses,1.0,average_per_query
qwen3-5-4b,beir-dbpedia,maxcontext_topdown,parse_failure_bm25_fallback,0.0,average_per_query
qwen3-5-4b,beir-dbpedia,maxcontext_topdown,retries_fired,1317.0,total
qwen3-5-4b,beir-dbpedia,maxcontext_dualend,parse_fallbacks,0.08,average_per_query
qwen3-5-4b,beir-dbpedia,maxcontext_dualend,strict_parse_fallbacks,0.0,average_per_query
qwen3-5-4b,beir-dbpedia,maxcontext_dualend,unparseable_after_exhaustion_fallbacks,0.0,average_per_query
qwen3-5-4b,beir-dbpedia,maxcontext_dualend,bm25_bypasses,,average_per_query
qwen3-5-4b,beir-dbpedia,maxcontext_dualend,parse_failure_bm25_fallback,0.0,average_per_query
qwen3-5-4b,beir-dbpedia,maxcontext_dualend,retries_fired,96.0,total
qwen3-5-4b,beir-trec-covid,maxcontext_topdown,parse_fallbacks,0.94,average_per_query
qwen3-5-4b,beir-trec-covid,maxcontext_topdown,strict_parse_fallbacks,0.0,average_per_query
qwen3-5-4b,beir-trec-covid,maxcontext_topdown,unparseable_after_exhaustion_fallbacks,0.08,average_per_query
qwen3-5-4b,beir-trec-covid,maxcontext_topdown,bm25_bypasses,1.0,average_per_query
qwen3-5-4b,beir-trec-covid,maxcontext_topdown,parse_failure_bm25_fallback,0.0,average_per_query
qwen3-5-4b,beir-trec-covid,maxcontext_topdown,retries_fired,12.0,total
qwen3-5-4b,beir-trec-covid,maxcontext_dualend,parse_fallbacks,0.02,average_per_query
qwen3-5-4b,beir-trec-covid,maxcontext_dualend,strict_parse_fallbacks,0.0,average_per_query
qwen3-5-4b,beir-trec-covid,maxcontext_dualend,unparseable_after_exhaustion_fallbacks,0.0,average_per_query
qwen3-5-4b,beir-trec-covid,maxcontext_dualend,bm25_bypasses,,average_per_query
qwen3-5-4b,beir-trec-covid,maxcontext_dualend,parse_failure_bm25_fallback,0.0,average_per_query
qwen3-5-4b,beir-trec-covid,maxcontext_dualend,retries_fired,3.0,total
qwen3-5-4b,beir-scifact,maxcontext_topdown,parse_fallbacks,2.3233333333333333,average_per_query
qwen3-5-4b,beir-scifact,maxcontext_topdown,strict_parse_fallbacks,0.0,average_per_query
qwen3-5-4b,beir-scifact,maxcontext_topdown,unparseable_after_exhaustion_fallbacks,0.02666666666666667,average_per_query
qwen3-5-4b,beir-scifact,maxcontext_topdown,bm25_bypasses,1.0,average_per_query
qwen3-5-4b,beir-scifact,maxcontext_topdown,parse_failure_bm25_fallback,0.0,average_per_query
qwen3-5-4b,beir-scifact,maxcontext_topdown,retries_fired,24.0,total
qwen3-5-4b,beir-scifact,maxcontext_dualend,parse_fallbacks,0.0033333333333333335,average_per_query
qwen3-5-4b,beir-scifact,maxcontext_dualend,strict_parse_fallbacks,0.0,average_per_query
qwen3-5-4b,beir-scifact,maxcontext_dualend,unparseable_after_exhaustion_fallbacks,0.0,average_per_query
qwen3-5-4b,beir-scifact,maxcontext_dualend,bm25_bypasses,,average_per_query
qwen3-5-4b,beir-scifact,maxcontext_dualend,parse_failure_bm25_fallback,0.0,average_per_query
qwen3-5-4b,beir-scifact,maxcontext_dualend,retries_fired,3.0,total
qwen3-5-9b,beir-nfcorpus,maxcontext_topdown,parse_fallbacks,1.1103896103896105,average_per_query
qwen3-5-9b,beir-nfcorpus,maxcontext_topdown,strict_parse_fallbacks,0.00974025974025974,average_per_query
qwen3-5-9b,beir-nfcorpus,maxcontext_topdown,unparseable_after_exhaustion_fallbacks,0.006493506493506494,average_per_query
qwen3-5-9b,beir-nfcorpus,maxcontext_topdown,bm25_bypasses,0.9577922077922078,average_per_query
qwen3-5-9b,beir-nfcorpus,maxcontext_topdown,parse_failure_bm25_fallback,0.0,average_per_query
qwen3-5-9b,beir-nfcorpus,maxcontext_topdown,retries_fired,18.0,total
qwen3-5-9b,beir-nfcorpus,maxcontext_dualend,parse_fallbacks,0.006493506493506494,average_per_query
qwen3-5-9b,beir-nfcorpus,maxcontext_dualend,strict_parse_fallbacks,0.0,average_per_query
qwen3-5-9b,beir-nfcorpus,maxcontext_dualend,unparseable_after_exhaustion_fallbacks,0.0,average_per_query
qwen3-5-9b,beir-nfcorpus,maxcontext_dualend,bm25_bypasses,,average_per_query
qwen3-5-9b,beir-nfcorpus,maxcontext_dualend,parse_failure_bm25_fallback,0.0,average_per_query
qwen3-5-9b,beir-nfcorpus,maxcontext_dualend,retries_fired,6.0,total
qwen3-5-9b,beir-touche2020,maxcontext_topdown,parse_fallbacks,0.9591836734693877,average_per_query
qwen3-5-9b,beir-touche2020,maxcontext_topdown,strict_parse_fallbacks,0.0,average_per_query
qwen3-5-9b,beir-touche2020,maxcontext_topdown,unparseable_after_exhaustion_fallbacks,0.7959183673469388,average_per_query
qwen3-5-9b,beir-touche2020,maxcontext_topdown,bm25_bypasses,1.0,average_per_query
qwen3-5-9b,beir-touche2020,maxcontext_topdown,parse_failure_bm25_fallback,0.0,average_per_query
qwen3-5-9b,beir-touche2020,maxcontext_topdown,retries_fired,117.0,total
qwen3-5-9b,beir-touche2020,maxcontext_dualend,parse_fallbacks,0.061224489795918366,average_per_query
qwen3-5-9b,beir-touche2020,maxcontext_dualend,strict_parse_fallbacks,0.0,average_per_query
qwen3-5-9b,beir-touche2020,maxcontext_dualend,unparseable_after_exhaustion_fallbacks,0.0,average_per_query
qwen3-5-9b,beir-touche2020,maxcontext_dualend,bm25_bypasses,,average_per_query
qwen3-5-9b,beir-touche2020,maxcontext_dualend,parse_failure_bm25_fallback,0.0,average_per_query
qwen3-5-9b,beir-touche2020,maxcontext_dualend,retries_fired,9.0,total
qwen3-5-9b,beir-fiqa,maxcontext_topdown,parse_fallbacks,0.6944444444444444,average_per_query
qwen3-5-9b,beir-fiqa,maxcontext_topdown,strict_parse_fallbacks,0.0,average_per_query
qwen3-5-9b,beir-fiqa,maxcontext_topdown,unparseable_after_exhaustion_fallbacks,0.030864197530864196,average_per_query
qwen3-5-9b,beir-fiqa,maxcontext_topdown,bm25_bypasses,1.0,average_per_query
qwen3-5-9b,beir-fiqa,maxcontext_topdown,parse_failure_bm25_fallback,0.0,average_per_query
qwen3-5-9b,beir-fiqa,maxcontext_topdown,retries_fired,60.0,total
qwen3-5-9b,beir-fiqa,maxcontext_dualend,parse_fallbacks,0.0,average_per_query
qwen3-5-9b,beir-fiqa,maxcontext_dualend,strict_parse_fallbacks,0.0,average_per_query
qwen3-5-9b,beir-fiqa,maxcontext_dualend,unparseable_after_exhaustion_fallbacks,0.0,average_per_query
qwen3-5-9b,beir-fiqa,maxcontext_dualend,bm25_bypasses,,average_per_query
qwen3-5-9b,beir-fiqa,maxcontext_dualend,parse_failure_bm25_fallback,0.0,average_per_query
qwen3-5-9b,beir-fiqa,maxcontext_dualend,retries_fired,0.0,total
qwen3-5-9b,beir-dbpedia,maxcontext_topdown,parse_fallbacks,8.82,average_per_query
qwen3-5-9b,beir-dbpedia,maxcontext_topdown,strict_parse_fallbacks,0.1275,average_per_query
qwen3-5-9b,beir-dbpedia,maxcontext_topdown,unparseable_after_exhaustion_fallbacks,0.66,average_per_query
qwen3-5-9b,beir-dbpedia,maxcontext_topdown,bm25_bypasses,1.0,average_per_query
qwen3-5-9b,beir-dbpedia,maxcontext_topdown,parse_failure_bm25_fallback,0.0,average_per_query
qwen3-5-9b,beir-dbpedia,maxcontext_topdown,retries_fired,1068.0,total
qwen3-5-9b,beir-dbpedia,maxcontext_dualend,parse_fallbacks,0.045,average_per_query
qwen3-5-9b,beir-dbpedia,maxcontext_dualend,strict_parse_fallbacks,0.0,average_per_query
qwen3-5-9b,beir-dbpedia,maxcontext_dualend,unparseable_after_exhaustion_fallbacks,0.0,average_per_query
qwen3-5-9b,beir-dbpedia,maxcontext_dualend,bm25_bypasses,,average_per_query
qwen3-5-9b,beir-dbpedia,maxcontext_dualend,parse_failure_bm25_fallback,0.0,average_per_query
qwen3-5-9b,beir-dbpedia,maxcontext_dualend,retries_fired,54.0,total
qwen3-5-9b,beir-trec-covid,maxcontext_topdown,parse_fallbacks,0.82,average_per_query
qwen3-5-9b,beir-trec-covid,maxcontext_topdown,strict_parse_fallbacks,0.0,average_per_query
qwen3-5-9b,beir-trec-covid,maxcontext_topdown,unparseable_after_exhaustion_fallbacks,0.02,average_per_query
qwen3-5-9b,beir-trec-covid,maxcontext_topdown,bm25_bypasses,1.0,average_per_query
qwen3-5-9b,beir-trec-covid,maxcontext_topdown,parse_failure_bm25_fallback,0.0,average_per_query
qwen3-5-9b,beir-trec-covid,maxcontext_topdown,retries_fired,3.0,total
qwen3-5-9b,beir-trec-covid,maxcontext_dualend,parse_fallbacks,0.0,average_per_query
qwen3-5-9b,beir-trec-covid,maxcontext_dualend,strict_parse_fallbacks,0.0,average_per_query
qwen3-5-9b,beir-trec-covid,maxcontext_dualend,unparseable_after_exhaustion_fallbacks,0.0,average_per_query
qwen3-5-9b,beir-trec-covid,maxcontext_dualend,bm25_bypasses,,average_per_query
qwen3-5-9b,beir-trec-covid,maxcontext_dualend,parse_failure_bm25_fallback,0.0,average_per_query
qwen3-5-9b,beir-trec-covid,maxcontext_dualend,retries_fired,0.0,total
qwen3-5-9b,beir-scifact,maxcontext_topdown,parse_fallbacks,4.68,average_per_query
qwen3-5-9b,beir-scifact,maxcontext_topdown,strict_parse_fallbacks,0.0,average_per_query
qwen3-5-9b,beir-scifact,maxcontext_topdown,unparseable_after_exhaustion_fallbacks,0.14333333333333334,average_per_query
qwen3-5-9b,beir-scifact,maxcontext_topdown,bm25_bypasses,1.0,average_per_query
qwen3-5-9b,beir-scifact,maxcontext_topdown,parse_failure_bm25_fallback,0.0,average_per_query
qwen3-5-9b,beir-scifact,maxcontext_topdown,retries_fired,129.0,total
qwen3-5-9b,beir-scifact,maxcontext_dualend,parse_fallbacks,0.0033333333333333335,average_per_query
qwen3-5-9b,beir-scifact,maxcontext_dualend,strict_parse_fallbacks,0.0,average_per_query
qwen3-5-9b,beir-scifact,maxcontext_dualend,unparseable_after_exhaustion_fallbacks,0.0,average_per_query
qwen3-5-9b,beir-scifact,maxcontext_dualend,bm25_bypasses,,average_per_query
qwen3-5-9b,beir-scifact,maxcontext_dualend,parse_failure_bm25_fallback,0.0,average_per_query
qwen3-5-9b,beir-scifact,maxcontext_dualend,retries_fired,3.0,total
