model,model_subset,dataset,method,status,queries,min_depth,max_depth,ndcg_cut_10,ndcg_cut_100,map_cut_100
meta-llama-3-1-8b-instruct,all9;ge2b,beir-nfcorpus,maxcontext_topdown,complete,308,1,100,0.3467,0.2907,0.1526
meta-llama-3-1-8b-instruct,all9;ge2b,beir-nfcorpus,maxcontext_dualend,complete,308,1,100,0.3323,0.2841,0.1467
meta-llama-3-1-8b-instruct,all9;ge2b,beir-touche2020,maxcontext_topdown,complete,49,100,100,0.4347,0.5192,0.2658
meta-llama-3-1-8b-instruct,all9;ge2b,beir-touche2020,maxcontext_dualend,complete,49,100,100,0.2778,0.4349,0.1785
meta-llama-3-1-8b-instruct,all9;ge2b,beir-fiqa,maxcontext_topdown,complete,648,100,100,0.2851,0.3357,0.2305
meta-llama-3-1-8b-instruct,all9;ge2b,beir-fiqa,maxcontext_dualend,complete,648,100,100,0.2528,0.3064,0.1973
meta-llama-3-1-8b-instruct,all9;ge2b,beir-dbpedia,maxcontext_topdown,complete,400,5,100,0.3832,0.4034,0.2467
meta-llama-3-1-8b-instruct,all9;ge2b,beir-dbpedia,maxcontext_dualend,complete,400,5,100,0.3869,0.4077,0.2539
meta-llama-3-1-8b-instruct,all9;ge2b,beir-trec-covid,maxcontext_topdown,complete,50,100,100,0.6679,0.4575,0.0824
meta-llama-3-1-8b-instruct,all9;ge2b,beir-trec-covid,maxcontext_dualend,complete,50,100,100,0.6404,0.4517,0.0791
meta-llama-3-1-8b-instruct,all9;ge2b,beir-scifact,maxcontext_topdown,complete,300,66,100,0.7065,0.7267,0.6627
meta-llama-3-1-8b-instruct,all9;ge2b,beir-scifact,maxcontext_dualend,complete,300,66,100,0.6611,0.6904,0.618
ministral-3-14b-instruct-2512,all9;ge2b,beir-nfcorpus,maxcontext_topdown,complete,308,1,100,0.3888,0.3101,0.1726
ministral-3-14b-instruct-2512,all9;ge2b,beir-nfcorpus,maxcontext_dualend,complete,308,1,100,0.3878,0.3124,0.1752
ministral-3-14b-instruct-2512,all9;ge2b,beir-touche2020,maxcontext_topdown,complete,49,100,100,0.4152,0.51,0.245
ministral-3-14b-instruct-2512,all9;ge2b,beir-touche2020,maxcontext_dualend,complete,49,100,100,0.3946,0.4977,0.2391
ministral-3-14b-instruct-2512,all9;ge2b,beir-fiqa,maxcontext_topdown,complete,648,100,100,0.4127,0.4347,0.345
ministral-3-14b-instruct-2512,all9;ge2b,beir-fiqa,maxcontext_dualend,complete,648,100,100,0.3967,0.4226,0.3311
ministral-3-14b-instruct-2512,all9;ge2b,beir-dbpedia,maxcontext_topdown,complete,400,5,100,0.439,0.4363,0.282
ministral-3-14b-instruct-2512,all9;ge2b,beir-dbpedia,maxcontext_dualend,complete,400,5,100,0.4354,0.4312,0.2747
ministral-3-14b-instruct-2512,all9;ge2b,beir-trec-covid,maxcontext_topdown,complete,50,100,100,0.8159,0.4843,0.0938
ministral-3-14b-instruct-2512,all9;ge2b,beir-trec-covid,maxcontext_dualend,complete,50,100,100,0.8075,0.4831,0.0931
ministral-3-14b-instruct-2512,all9;ge2b,beir-scifact,maxcontext_topdown,complete,300,66,100,0.7773,0.7834,0.735
ministral-3-14b-instruct-2512,all9;ge2b,beir-scifact,maxcontext_dualend,complete,300,66,100,0.7604,0.7725,0.7221
ministral-3-3b-instruct-2512,all9;ge2b,beir-nfcorpus,maxcontext_topdown,complete,308,1,100,0.3649,0.2963,0.1588
ministral-3-3b-instruct-2512,all9;ge2b,beir-nfcorpus,maxcontext_dualend,complete,308,1,100,0.3672,0.2997,0.1595
ministral-3-3b-instruct-2512,all9;ge2b,beir-touche2020,maxcontext_topdown,complete,49,100,100,0.2713,0.4355,0.1821
ministral-3-3b-instruct-2512,all9;ge2b,beir-touche2020,maxcontext_dualend,complete,49,100,100,0.3662,0.474,0.2075
ministral-3-3b-instruct-2512,all9;ge2b,beir-fiqa,maxcontext_topdown,complete,648,100,100,0.3474,0.3802,0.2792
ministral-3-3b-instruct-2512,all9;ge2b,beir-fiqa,maxcontext_dualend,complete,648,100,100,0.3321,0.367,0.2651
ministral-3-3b-instruct-2512,all9;ge2b,beir-dbpedia,maxcontext_topdown,complete,400,5,100,0.3815,0.4055,0.2434
ministral-3-3b-instruct-2512,all9;ge2b,beir-dbpedia,maxcontext_dualend,complete,400,5,100,0.391,0.4066,0.2455
ministral-3-3b-instruct-2512,all9;ge2b,beir-trec-covid,maxcontext_topdown,complete,50,100,100,0.7758,0.4769,0.0902
ministral-3-3b-instruct-2512,all9;ge2b,beir-trec-covid,maxcontext_dualend,complete,50,100,100,0.7645,0.4702,0.0848
ministral-3-3b-instruct-2512,all9;ge2b,beir-scifact,maxcontext_topdown,complete,300,66,100,0.713,0.7253,0.6594
ministral-3-3b-instruct-2512,all9;ge2b,beir-scifact,maxcontext_dualend,complete,300,66,100,0.7493,0.764,0.7142
ministral-3-8b-instruct-2512,all9;ge2b,beir-nfcorpus,maxcontext_topdown,complete,308,1,100,0.3797,0.3051,0.1675
ministral-3-8b-instruct-2512,all9;ge2b,beir-nfcorpus,maxcontext_dualend,complete,308,1,100,0.38,0.3053,0.1657
ministral-3-8b-instruct-2512,all9;ge2b,beir-touche2020,maxcontext_topdown,complete,49,100,100,0.3662,0.4853,0.2212
ministral-3-8b-instruct-2512,all9;ge2b,beir-touche2020,maxcontext_dualend,complete,49,100,100,0.3811,0.4865,0.2226
ministral-3-8b-instruct-2512,all9;ge2b,beir-fiqa,maxcontext_topdown,complete,648,100,100,0.3688,0.3964,0.2985
ministral-3-8b-instruct-2512,all9;ge2b,beir-fiqa,maxcontext_dualend,complete,648,100,100,0.3688,0.3994,0.3028
ministral-3-8b-instruct-2512,all9;ge2b,beir-dbpedia,maxcontext_topdown,complete,400,5,100,0.4151,0.4228,0.2659
ministral-3-8b-instruct-2512,all9;ge2b,beir-dbpedia,maxcontext_dualend,complete,400,5,100,0.4135,0.4143,0.2514
ministral-3-8b-instruct-2512,all9;ge2b,beir-trec-covid,maxcontext_topdown,complete,50,100,100,0.7973,0.4809,0.0915
ministral-3-8b-instruct-2512,all9;ge2b,beir-trec-covid,maxcontext_dualend,complete,50,100,100,0.801,0.4802,0.0902
ministral-3-8b-instruct-2512,all9;ge2b,beir-scifact,maxcontext_topdown,complete,300,66,100,0.7588,0.7668,0.7127
ministral-3-8b-instruct-2512,all9;ge2b,beir-scifact,maxcontext_dualend,complete,300,66,100,0.7585,0.769,0.7198
qwen3-5-0-8b,all9,beir-nfcorpus,maxcontext_topdown,complete,308,1,100,0.3117,0.2711,0.1347
qwen3-5-0-8b,all9,beir-nfcorpus,maxcontext_dualend,complete,308,1,100,0.2125,0.2161,0.0898
qwen3-5-0-8b,all9,beir-touche2020,maxcontext_topdown,complete,49,100,100,0.4175,0.4999,0.2466
qwen3-5-0-8b,all9,beir-touche2020,maxcontext_dualend,complete,49,100,100,0.2692,0.4027,0.1531
qwen3-5-0-8b,all9,beir-fiqa,maxcontext_topdown,complete,648,100,100,0.2166,0.284,0.1745
qwen3-5-0-8b,all9,beir-fiqa,maxcontext_dualend,complete,648,100,100,0.0539,0.1476,0.0384
qwen3-5-0-8b,all9,beir-dbpedia,maxcontext_topdown,complete,400,5,100,0.3222,0.3732,0.2205
qwen3-5-0-8b,all9,beir-dbpedia,maxcontext_dualend,complete,400,5,100,0.1941,0.2848,0.1204
qwen3-5-0-8b,all9,beir-trec-covid,maxcontext_topdown,complete,50,100,100,0.5953,0.4395,0.0743
qwen3-5-0-8b,all9,beir-trec-covid,maxcontext_dualend,complete,50,100,100,0.4773,0.416,0.0663
qwen3-5-0-8b,all9,beir-scifact,maxcontext_topdown,complete,300,66,100,0.5643,0.6129,0.526
qwen3-5-0-8b,all9,beir-scifact,maxcontext_dualend,complete,300,66,100,0.0437,0.1827,0.0416
qwen3-5-27b,all9;ge2b,beir-nfcorpus,maxcontext_topdown,complete,308,1,100,0.4021,0.3209,0.1825
qwen3-5-27b,all9;ge2b,beir-nfcorpus,maxcontext_dualend,complete,308,1,100,0.4002,0.3203,0.1827
qwen3-5-27b,all9;ge2b,beir-touche2020,maxcontext_topdown,complete,49,100,100,0.4212,0.5108,0.2453
qwen3-5-27b,all9;ge2b,beir-touche2020,maxcontext_dualend,complete,49,100,100,0.4083,0.5092,0.2495
qwen3-5-27b,all9;ge2b,beir-fiqa,maxcontext_topdown,complete,648,100,100,0.453,0.4676,0.3844
qwen3-5-27b,all9;ge2b,beir-fiqa,maxcontext_dualend,complete,648,100,100,0.444,0.4593,0.3742
qwen3-5-27b,all9;ge2b,beir-dbpedia,maxcontext_topdown,complete,400,5,100,0.4522,0.4467,0.2933
qwen3-5-27b,all9;ge2b,beir-dbpedia,maxcontext_dualend,complete,400,5,100,0.4573,0.4458,0.2921
qwen3-5-27b,all9;ge2b,beir-trec-covid,maxcontext_topdown,complete,50,100,100,0.8533,0.4897,0.0952
qwen3-5-27b,all9;ge2b,beir-trec-covid,maxcontext_dualend,complete,50,100,100,0.8534,0.4904,0.0952
qwen3-5-27b,all9;ge2b,beir-scifact,maxcontext_topdown,complete,300,66,100,0.8083,0.8136,0.774
qwen3-5-27b,all9;ge2b,beir-scifact,maxcontext_dualend,complete,300,66,100,0.8096,0.8138,0.7744
qwen3-5-2b,all9;ge2b,beir-nfcorpus,maxcontext_topdown,complete,308,1,100,0.3361,0.2874,0.1522
qwen3-5-2b,all9;ge2b,beir-nfcorpus,maxcontext_dualend,complete,308,1,100,0.3134,0.2748,0.1368
qwen3-5-2b,all9;ge2b,beir-touche2020,maxcontext_topdown,complete,49,100,100,0.4161,0.5051,0.2527
qwen3-5-2b,all9;ge2b,beir-touche2020,maxcontext_dualend,complete,49,100,100,0.3446,0.4638,0.2014
qwen3-5-2b,all9;ge2b,beir-fiqa,maxcontext_topdown,complete,648,100,100,0.2467,0.3082,0.2016
qwen3-5-2b,all9;ge2b,beir-fiqa,maxcontext_dualend,complete,648,100,100,0.2212,0.2861,0.1801
qwen3-5-2b,all9;ge2b,beir-dbpedia,maxcontext_topdown,complete,400,5,100,0.3537,0.3932,0.239
qwen3-5-2b,all9;ge2b,beir-dbpedia,maxcontext_dualend,complete,400,5,100,0.33,0.3803,0.2153
qwen3-5-2b,all9;ge2b,beir-trec-covid,maxcontext_topdown,complete,50,100,100,0.6439,0.4461,0.0757
qwen3-5-2b,all9;ge2b,beir-trec-covid,maxcontext_dualend,complete,50,100,100,0.6021,0.4393,0.0714
qwen3-5-2b,all9;ge2b,beir-scifact,maxcontext_topdown,complete,300,66,100,0.6868,0.7129,0.6479
qwen3-5-2b,all9;ge2b,beir-scifact,maxcontext_dualend,complete,300,66,100,0.668,0.6956,0.6291
qwen3-5-4b,all9;ge2b,beir-nfcorpus,maxcontext_topdown,complete,308,1,100,0.3759,0.3069,0.171
qwen3-5-4b,all9;ge2b,beir-nfcorpus,maxcontext_dualend,complete,308,1,100,0.3714,0.3059,0.1697
qwen3-5-4b,all9;ge2b,beir-touche2020,maxcontext_topdown,complete,49,100,100,0.4261,0.523,0.2616
qwen3-5-4b,all9;ge2b,beir-touche2020,maxcontext_dualend,complete,49,100,100,0.4047,0.503,0.2484
qwen3-5-4b,all9;ge2b,beir-fiqa,maxcontext_topdown,complete,648,100,100,0.3783,0.4074,0.3118
qwen3-5-4b,all9;ge2b,beir-fiqa,maxcontext_dualend,complete,648,100,100,0.3664,0.397,0.3009
qwen3-5-4b,all9;ge2b,beir-dbpedia,maxcontext_topdown,complete,400,5,100,0.4111,0.4217,0.27
qwen3-5-4b,all9;ge2b,beir-dbpedia,maxcontext_dualend,complete,400,5,100,0.4124,0.4218,0.2661
qwen3-5-4b,all9;ge2b,beir-trec-covid,maxcontext_topdown,complete,50,100,100,0.8028,0.4797,0.0911
qwen3-5-4b,all9;ge2b,beir-trec-covid,maxcontext_dualend,complete,50,100,100,0.7738,0.4777,0.0899
qwen3-5-4b,all9;ge2b,beir-scifact,maxcontext_topdown,complete,300,66,100,0.7595,0.7723,0.722
qwen3-5-4b,all9;ge2b,beir-scifact,maxcontext_dualend,complete,300,66,100,0.7486,0.7616,0.7074
qwen3-5-9b,all9;ge2b,beir-nfcorpus,maxcontext_topdown,complete,308,1,100,0.3804,0.3085,0.17
qwen3-5-9b,all9;ge2b,beir-nfcorpus,maxcontext_dualend,complete,308,1,100,0.3769,0.3063,0.1692
qwen3-5-9b,all9;ge2b,beir-touche2020,maxcontext_topdown,complete,49,100,100,0.4419,0.5218,0.2689
qwen3-5-9b,all9;ge2b,beir-touche2020,maxcontext_dualend,complete,49,100,100,0.4406,0.5179,0.2606
qwen3-5-9b,all9;ge2b,beir-fiqa,maxcontext_topdown,complete,648,100,100,0.4108,0.4339,0.3438
qwen3-5-9b,all9;ge2b,beir-fiqa,maxcontext_dualend,complete,648,100,100,0.3972,0.4231,0.3309
qwen3-5-9b,all9;ge2b,beir-dbpedia,maxcontext_topdown,complete,400,5,100,0.4376,0.4378,0.2863
qwen3-5-9b,all9;ge2b,beir-dbpedia,maxcontext_dualend,complete,400,5,100,0.4456,0.4393,0.2862
qwen3-5-9b,all9;ge2b,beir-trec-covid,maxcontext_topdown,complete,50,100,100,0.8001,0.4801,0.0919
qwen3-5-9b,all9;ge2b,beir-trec-covid,maxcontext_dualend,complete,50,100,100,0.8079,0.4833,0.0923
qwen3-5-9b,all9;ge2b,beir-scifact,maxcontext_topdown,complete,300,66,100,0.7907,0.799,0.7541
qwen3-5-9b,all9;ge2b,beir-scifact,maxcontext_dualend,complete,300,66,100,0.7768,0.7835,0.7342
meta-llama-3-1-8b-instruct,all9;ge2b,beir-nfcorpus,bm25,complete,308,1,100,0.3375,0.2873,0.152
meta-llama-3-1-8b-instruct,all9;ge2b,beir-touche2020,bm25,complete,49,100,100,0.4422,0.5196,0.2641
meta-llama-3-1-8b-instruct,all9;ge2b,beir-fiqa,bm25,complete,648,100,100,0.2361,0.2994,0.1926
meta-llama-3-1-8b-instruct,all9;ge2b,beir-dbpedia,bm25,complete,400,5,100,0.318,0.373,0.2219
meta-llama-3-1-8b-instruct,all9;ge2b,beir-trec-covid,bm25,complete,50,100,100,0.5947,0.4382,0.0734
meta-llama-3-1-8b-instruct,all9;ge2b,beir-scifact,bm25,complete,300,66,100,0.6789,0.7067,0.6398
ministral-3-14b-instruct-2512,all9;ge2b,beir-nfcorpus,bm25,complete,308,1,100,0.3375,0.2873,0.152
ministral-3-14b-instruct-2512,all9;ge2b,beir-touche2020,bm25,complete,49,100,100,0.4422,0.5196,0.2641
ministral-3-14b-instruct-2512,all9;ge2b,beir-fiqa,bm25,complete,648,100,100,0.2361,0.2994,0.1926
ministral-3-14b-instruct-2512,all9;ge2b,beir-dbpedia,bm25,complete,400,5,100,0.318,0.373,0.2219
ministral-3-14b-instruct-2512,all9;ge2b,beir-trec-covid,bm25,complete,50,100,100,0.5947,0.4382,0.0734
ministral-3-14b-instruct-2512,all9;ge2b,beir-scifact,bm25,complete,300,66,100,0.6789,0.7067,0.6398
ministral-3-3b-instruct-2512,all9;ge2b,beir-nfcorpus,bm25,complete,308,1,100,0.3375,0.2873,0.152
ministral-3-3b-instruct-2512,all9;ge2b,beir-touche2020,bm25,complete,49,100,100,0.4422,0.5196,0.2641
ministral-3-3b-instruct-2512,all9;ge2b,beir-fiqa,bm25,complete,648,100,100,0.2361,0.2994,0.1926
ministral-3-3b-instruct-2512,all9;ge2b,beir-dbpedia,bm25,complete,400,5,100,0.318,0.373,0.2219
ministral-3-3b-instruct-2512,all9;ge2b,beir-trec-covid,bm25,complete,50,100,100,0.5947,0.4382,0.0734
ministral-3-3b-instruct-2512,all9;ge2b,beir-scifact,bm25,complete,300,66,100,0.6789,0.7067,0.6398
ministral-3-8b-instruct-2512,all9;ge2b,beir-nfcorpus,bm25,complete,308,1,100,0.3375,0.2873,0.152
ministral-3-8b-instruct-2512,all9;ge2b,beir-touche2020,bm25,complete,49,100,100,0.4422,0.5196,0.2641
ministral-3-8b-instruct-2512,all9;ge2b,beir-fiqa,bm25,complete,648,100,100,0.2361,0.2994,0.1926
ministral-3-8b-instruct-2512,all9;ge2b,beir-dbpedia,bm25,complete,400,5,100,0.318,0.373,0.2219
ministral-3-8b-instruct-2512,all9;ge2b,beir-trec-covid,bm25,complete,50,100,100,0.5947,0.4382,0.0734
ministral-3-8b-instruct-2512,all9;ge2b,beir-scifact,bm25,complete,300,66,100,0.6789,0.7067,0.6398
qwen3-5-0-8b,all9,beir-nfcorpus,bm25,complete,308,1,100,0.3375,0.2873,0.152
qwen3-5-0-8b,all9,beir-touche2020,bm25,complete,49,100,100,0.4422,0.5196,0.2641
qwen3-5-0-8b,all9,beir-fiqa,bm25,complete,648,100,100,0.2361,0.2994,0.1926
qwen3-5-0-8b,all9,beir-dbpedia,bm25,complete,400,5,100,0.318,0.373,0.2219
qwen3-5-0-8b,all9,beir-trec-covid,bm25,complete,50,100,100,0.5947,0.4382,0.0734
qwen3-5-0-8b,all9,beir-scifact,bm25,complete,300,66,100,0.6789,0.7067,0.6398
qwen3-5-27b,all9;ge2b,beir-nfcorpus,bm25,complete,308,1,100,0.3375,0.2873,0.152
qwen3-5-27b,all9;ge2b,beir-touche2020,bm25,complete,49,100,100,0.4422,0.5196,0.2641
qwen3-5-27b,all9;ge2b,beir-fiqa,bm25,complete,648,100,100,0.2361,0.2994,0.1926
qwen3-5-27b,all9;ge2b,beir-dbpedia,bm25,complete,400,5,100,0.318,0.373,0.2219
qwen3-5-27b,all9;ge2b,beir-trec-covid,bm25,complete,50,100,100,0.5947,0.4382,0.0734
qwen3-5-27b,all9;ge2b,beir-scifact,bm25,complete,300,66,100,0.6789,0.7067,0.6398
qwen3-5-2b,all9;ge2b,beir-nfcorpus,bm25,complete,308,1,100,0.3375,0.2873,0.152
qwen3-5-2b,all9;ge2b,beir-touche2020,bm25,complete,49,100,100,0.4422,0.5196,0.2641
qwen3-5-2b,all9;ge2b,beir-fiqa,bm25,complete,648,100,100,0.2361,0.2994,0.1926
qwen3-5-2b,all9;ge2b,beir-dbpedia,bm25,complete,400,5,100,0.318,0.373,0.2219
qwen3-5-2b,all9;ge2b,beir-trec-covid,bm25,complete,50,100,100,0.5947,0.4382,0.0734
qwen3-5-2b,all9;ge2b,beir-scifact,bm25,complete,300,66,100,0.6789,0.7067,0.6398
qwen3-5-4b,all9;ge2b,beir-nfcorpus,bm25,complete,308,1,100,0.3375,0.2873,0.152
qwen3-5-4b,all9;ge2b,beir-touche2020,bm25,complete,49,100,100,0.4422,0.5196,0.2641
qwen3-5-4b,all9;ge2b,beir-fiqa,bm25,complete,648,100,100,0.2361,0.2994,0.1926
qwen3-5-4b,all9;ge2b,beir-dbpedia,bm25,complete,400,5,100,0.318,0.373,0.2219
qwen3-5-4b,all9;ge2b,beir-trec-covid,bm25,complete,50,100,100,0.5947,0.4382,0.0734
qwen3-5-4b,all9;ge2b,beir-scifact,bm25,complete,300,66,100,0.6789,0.7067,0.6398
qwen3-5-9b,all9;ge2b,beir-nfcorpus,bm25,complete,308,1,100,0.3375,0.2873,0.152
qwen3-5-9b,all9;ge2b,beir-touche2020,bm25,complete,49,100,100,0.4422,0.5196,0.2641
qwen3-5-9b,all9;ge2b,beir-fiqa,bm25,complete,648,100,100,0.2361,0.2994,0.1926
qwen3-5-9b,all9;ge2b,beir-dbpedia,bm25,complete,400,5,100,0.318,0.373,0.2219
qwen3-5-9b,all9;ge2b,beir-trec-covid,bm25,complete,50,100,100,0.5947,0.4382,0.0734
qwen3-5-9b,all9;ge2b,beir-scifact,bm25,complete,300,66,100,0.6789,0.7067,0.6398
__macro_all9__,macro_all9,beir-nfcorpus,bm25,complete,2772,1,100,0.33749999999999997,0.28730000000000006,0.152
__macro_all9__,macro_all9,beir-nfcorpus,maxcontext_topdown,complete,2772,1,100,0.36514444444444444,0.2996666666666667,0.16243333333333332
__macro_all9__,macro_all9,beir-nfcorpus,maxcontext_dualend,complete,2772,1,100,0.34907777777777776,0.29165555555555556,0.1550333333333333
__macro_all9__,macro_all9,beir-touche2020,bm25,complete,441,100,100,0.44220000000000004,0.5196,0.2641
__macro_all9__,macro_all9,beir-touche2020,maxcontext_topdown,complete,441,100,100,0.40113333333333334,0.5011777777777778,0.24324444444444446
__macro_all9__,macro_all9,beir-touche2020,maxcontext_dualend,complete,441,100,100,0.3652333333333333,0.4766333333333333,0.21785555555555555
__macro_all9__,macro_all9,beir-fiqa,bm25,complete,5832,100,100,0.23610000000000003,0.29939999999999994,0.1926
__macro_all9__,macro_all9,beir-fiqa,maxcontext_topdown,complete,5832,100,100,0.34659999999999996,0.38312222222222214,0.2854777777777778
__macro_all9__,macro_all9,beir-fiqa,maxcontext_dualend,complete,5832,100,100,0.3147888888888889,0.3565,0.2578666666666667
__macro_all9__,macro_all9,beir-dbpedia,bm25,complete,3600,5,100,0.318,0.373,0.2219
__macro_all9__,macro_all9,beir-dbpedia,maxcontext_topdown,complete,3600,5,100,0.39951111111111115,0.4156222222222222,0.2607888888888889
__macro_all9__,macro_all9,beir-dbpedia,maxcontext_dualend,complete,3600,5,100,0.3851333333333333,0.40353333333333335,0.2450666666666667
__macro_all9__,macro_all9,beir-trec-covid,bm25,complete,450,100,100,0.5947,0.43820000000000003,0.0734
__macro_all9__,macro_all9,beir-trec-covid,maxcontext_topdown,complete,450,100,100,0.7502555555555556,0.47052222222222223,0.08734444444444445
__macro_all9__,macro_all9,beir-trec-covid,maxcontext_dualend,complete,450,100,100,0.7253222222222223,0.4657666666666667,0.0847
__macro_all9__,macro_all9,beir-scifact,bm25,complete,2700,66,100,0.6788999999999998,0.7066999999999999,0.6398
__macro_all9__,macro_all9,beir-scifact,maxcontext_topdown,complete,2700,66,100,0.7294666666666667,0.7458777777777779,0.6882
__macro_all9__,macro_all9,beir-scifact,maxcontext_dualend,complete,2700,66,100,0.6639999999999999,0.6925666666666667,0.6289777777777777
__macro_ge2b__,macro_ge2b,beir-nfcorpus,bm25,complete,2464,1,100,0.33749999999999997,0.28730000000000006,0.152
__macro_ge2b__,macro_ge2b,beir-nfcorpus,maxcontext_topdown,complete,2464,1,100,0.371825,0.3032375,0.1659
__macro_ge2b__,macro_ge2b,beir-nfcorpus,maxcontext_dualend,complete,2464,1,100,0.36615,0.30110000000000003,0.16318749999999999
__macro_ge2b__,macro_ge2b,beir-touche2020,bm25,complete,392,100,100,0.44220000000000004,0.5196,0.2641
__macro_ge2b__,macro_ge2b,beir-touche2020,maxcontext_topdown,complete,392,100,100,0.3990875,0.5013375,0.24282499999999999
__macro_ge2b__,macro_ge2b,beir-touche2020,maxcontext_dualend,complete,392,100,100,0.3772375,0.485875,0.22594999999999998
__macro_ge2b__,macro_ge2b,beir-fiqa,bm25,complete,5184,100,100,0.2361,0.29939999999999994,0.1926
__macro_ge2b__,macro_ge2b,beir-fiqa,maxcontext_topdown,complete,5184,100,100,0.36285,0.39551249999999993,0.29935
__macro_ge2b__,macro_ge2b,beir-fiqa,maxcontext_dualend,complete,5184,100,100,0.34740000000000004,0.3826125,0.2853
__macro_ge2b__,macro_ge2b,beir-dbpedia,bm25,complete,3200,5,100,0.318,0.373,0.2219
__macro_ge2b__,macro_ge2b,beir-dbpedia,maxcontext_topdown,complete,3200,5,100,0.40917499999999996,0.42092500000000005,0.265825
__macro_ge2b__,macro_ge2b,beir-dbpedia,maxcontext_dualend,complete,3200,5,100,0.4090125,0.41837500000000005,0.26065000000000005
__macro_ge2b__,macro_ge2b,beir-trec-covid,bm25,complete,400,100,100,0.5947,0.43820000000000003,0.0734
__macro_ge2b__,macro_ge2b,beir-trec-covid,maxcontext_topdown,complete,400,100,100,0.769625,0.47440000000000004,0.088975
__macro_ge2b__,macro_ge2b,beir-trec-covid,maxcontext_dualend,complete,400,100,100,0.7563249999999999,0.47198749999999995,0.087
__macro_ge2b__,macro_ge2b,beir-scifact,bm25,complete,2400,66,100,0.6788999999999998,0.7066999999999999,0.6398
__macro_ge2b__,macro_ge2b,beir-scifact,maxcontext_topdown,complete,2400,66,100,0.7501125000000001,0.7625000000000001,0.7084750000000001
__macro_ge2b__,macro_ge2b,beir-scifact,maxcontext_dualend,complete,2400,66,100,0.7415374999999998,0.7563,0.7023999999999999
